,BBC Compound,BBC Negative,BBC Neutral,BBC Positive,BBC Tweet date,BBC Tweets,CBS Compound,CBS Negative,CBS Neutral,CBS Positive,CBS Tweet date,CBS Tweets,CNN Compound,CNN Negative,CNN Neutral,CNN Positive,CNN Tweet date,CNN Tweets,Fox Compound,Fox Negative,Fox Neutral,Fox Positive,Fox Tweet date,Fox Tweets,NYT Compound,NYT Negative,NYT Neutral,NYT Positive,NYT Tweet date,NYT Tweets
0,0.6662,0.0,0.777,0.223,Thu Mar 29 03:07:47 +0000 2018,RT @SallyBundockBBC: #Lent ends today - did you give something up? Is it a good period of reflection? Share your story #BBCTheBriefing - se‚Ä¶,-0.5267,0.354,0.423,0.223,Thu Mar 29 05:48:04 +0000 2018,"""Suitcase killer"" executed, says he's ""fought the good fight, I have run the good race"" https://t.co/y72EiS25vo https://t.co/dbXPO9Bm7N",0.0,0.0,1.0,0.0,Thu Mar 29 05:50:05 +0000 2018,"Nearly six years after being shot in the face and neck by the Taliban for advocating for the rights of girls, 20-ye‚Ä¶ https://t.co/KczXJChwpU",-0.5859,0.27,0.73,0.0,Thu Mar 29 05:55:00 +0000 2018,.@Corey_Feldman says he was stabbed in attempted murder but police are telling a different story https://t.co/0yJbvYufIr,0.2023,0.0,0.917,0.083,Thu Mar 29 05:41:06 +0000 2018,"RT @NYTmag: Floating villages spread across the surface of the Mekong River‚Äôs waterways, playing host to ethnic Vietnamese whose status in‚Ä¶"
1,-0.4939,0.412,0.588,0.0,Thu Mar 29 02:20:41 +0000 2018,Trump loses bid to dismiss hotel lawsuit https://t.co/zYc4ZvNpu9,-0.1027,0.301,0.482,0.217,Thu Mar 29 05:33:04 +0000 2018,Supreme Court justices appear unsettled after gerrymandering case arguments https://t.co/K3G2CAAWNg https://t.co/Xvmw0ibiDU,-0.5106,0.171,0.829,0.0,Thu Mar 29 05:46:06 +0000 2018,"All 22 Democratic and Republican female senators have written a letter expressing their ""deep disappointment"" in th‚Ä¶ https://t.co/7Nvy0XQNON",0.3182,0.0,0.859,0.141,Thu Mar 29 05:50:00 +0000 2018,.@POTUS secures trade deal with South Korea ahead of potential meeting with North Korea. https://t.co/gyopb5iQXZ,0.4404,0.0,0.756,0.244,Thu Mar 29 05:21:04 +0000 2018,"These arctic foxes turned ""blue."" It was a good thing. https://t.co/PA6vz2GcCr"
2,-0.872,0.553,0.447,0.0,Thu Mar 29 02:13:36 +0000 2018,Carabobo fire: Scores feared dead in Venezuela police station cells https://t.co/zcYtmKFpqM,-0.891,0.491,0.509,0.0,Thu Mar 29 05:18:04 +0000 2018,"Adea Shabani case: Dead boyfriend suspected in aspiring model's killing, cops say https://t.co/AVTqC6CuLG https://t.co/7x8ebIOCz4",-0.7906,0.333,0.667,0.0,Thu Mar 29 05:46:06 +0000 2018,An Indian national has been charged with people smuggling after allegedly attempting to sneak a team of fake journa‚Ä¶ https://t.co/v03L6cU1fX,0.0,0.0,1.0,0.0,Thu Mar 29 05:45:00 +0000 2018,California sets rules for cooperating with feds on immigration https://t.co/Sw0gdpJq1O,0.0,0.0,1.0,0.0,Thu Mar 29 05:02:02 +0000 2018,2 Texas oil companies joined forces in the biggest deal yet in the Southwestern oil patch https://t.co/iLzaXURm1T
3,-0.4019,0.267,0.593,0.141,Thu Mar 29 01:32:53 +0000 2018,NFL cheerleader claims she was fired over Instagram photo https://t.co/40Fv3xINHw,-0.5994,0.243,0.678,0.079,Thu Mar 29 05:03:03 +0000 2018,"Arizona twice investigated, cleared mom before kids found dead in car seats https://t.co/EYcAEpNvTI https://t.co/Q5lMZad8Qe",0.4497,0.0,0.871,0.129,Thu Mar 29 05:31:05 +0000 2018,"A new bill in Kansas would not only authorize the arming of school staff, but would hold schools responsible if a s‚Ä¶ https://t.co/r4zRnOlo8Y",0.0,0.0,1.0,0.0,Thu Mar 29 05:40:00 +0000 2018,.@DevinNunes: ‚ÄúThe left has continued to say that ‚ÄòThis is Watergate‚Äô and ‚Äò#Trump‚Äôs going to be impeached.‚Äô They‚Äôve‚Ä¶ https://t.co/W4M7xx2fru,-0.7778,0.393,0.533,0.074,Thu Mar 29 04:41:06 +0000 2018,RT @EricSchmittNYT: American drone strike in Libya kills top Qaeda recruiter and official warns of more attacks  https://t.co/nrGvlVj6l2
4,0.3612,0.0,0.783,0.217,Thu Mar 29 01:03:17 +0000 2018,"'I felt dead', kidnap survivor Amanda Lindhout tells court https://t.co/NznECdfAAz",0.0,0.0,1.0,0.0,Thu Mar 29 04:48:04 +0000 2018,"Clarissa Slade, Britain's youngest-ever elected councilwoman, dies suddenly at 21 https://t.co/pQImoSwpsR https://t.co/mA2x7egdX2",0.5719,0.0,0.81,0.19,Thu Mar 29 05:16:06 +0000 2018,A federal judge approved $75 million worth of loans to Remington so the company can keep making guns as it works th‚Ä¶ https://t.co/TWjRRPzwkj,-0.4767,0.193,0.807,0.0,Thu Mar 29 05:35:00 +0000 2018,"Driver who left child on school bus for 8 hours is suspended, report says https://t.co/hf62gcSnc7",0.0,0.0,1.0,0.0,Thu Mar 29 04:21:04 +0000 2018,"Steven Spielberg ""is the only person who could have made this movie and the last person who should have been allowe‚Ä¶ https://t.co/m9H7reZA3R"
5,0.0,0.0,1.0,0.0,Thu Mar 29 00:15:16 +0000 2018,'Lost' film predicting rise of Nazism returns to screen https://t.co/Bbql2v7fel,0.0,0.0,1.0,0.0,Thu Mar 29 04:33:04 +0000 2018,How jewelry designer Kendra Scott built her billion-dollar brand https://t.co/lETIdbYhQD https://t.co/Q6RvUM9tGq,0.6486,0.0,0.823,0.177,Thu Mar 29 05:01:02 +0000 2018,"People may have snickered at President Trump's call for a US ""space force,"" but ""the laughter masks the fact that t‚Ä¶ https://t.co/RU7zsonbMb",0.0772,0.0,0.933,0.067,Thu Mar 29 05:30:00 +0000 2018,"""This comes down to public safety.""

Orange County supervisor Michelle Steel comments on her vote to challenge sanc‚Ä¶ https://t.co/qt4I3WSE7x",0.0,0.0,1.0,0.0,Thu Mar 29 04:08:47 +0000 2018,"Anbang Was Seized by China. Now, It Has a Deal for You. https://t.co/3ZEHUjWgat"
6,0.3818,0.0,0.698,0.302,Thu Mar 29 00:15:14 +0000 2018,Does Justin Trudeau apologise too much? https://t.co/eOnyBSRlXA,-0.5574,0.286,0.714,0.0,Thu Mar 29 04:24:05 +0000 2018,Howard University says 6 were fired for misappropriating funds https://t.co/wWLKpg9u2x https://t.co/DK6hz7GlUd,0.6808,0.0,0.752,0.248,Thu Mar 29 04:46:03 +0000 2018,"Vice President Mike Pence's hometown of Columbus, Indiana, plans to hold its first LGBT Pride Festival next month‚Ä¶ https://t.co/k5Y1mjtBZV",0.0,0.0,1.0,0.0,Thu Mar 29 05:25:00 +0000 2018,Oldest human footprints in North America suggest 'early entrance' into the Americas https://t.co/dJy0ZzpMTp,0.7783,0.0,0.672,0.328,Thu Mar 29 04:02:02 +0000 2018,RT @maggieNYT: Trump called a supporter with a large megaphone - @therealroseanne - to thank her and congratulate her after the Roseanne re‚Ä¶
7,0.0,0.0,1.0,0.0,Thu Mar 29 00:03:00 +0000 2018,Cycling the length of the Dakota Access pipeline https://t.co/7IfdnlMQuh,-0.6486,0.281,0.719,0.0,Thu Mar 29 04:18:04 +0000 2018,"1 dead at BMW Manufacturing plant in South Carolina, coroner says https://t.co/fpwtQwqN8j https://t.co/zWYf7Oxgdu",0.0,0.0,1.0,0.0,Thu Mar 29 04:31:03 +0000 2018,The first case of super-resistant gonorrhea has been reported in the UK https://t.co/KfaN4JEx8e https://t.co/CFTlA806Hd,0.4404,0.0,0.838,0.162,Thu Mar 29 05:20:00 +0000 2018,".@dbongino on the Second Amendment: ""Liberalism is easy to understand, it's everywhere...To actually understand con‚Ä¶ https://t.co/ZpCeVz4VWc",0.2263,0.249,0.395,0.356,Thu Mar 29 03:54:55 +0000 2018,"Mireille Knoll, Murdered Holocaust Survivor, Is Honored in Paris https://t.co/CK02eLDlje"
8,0.5106,0.0,0.732,0.268,Wed Mar 28 23:48:28 +0000 2018,Carnival Cruise offers teen free trip for Snapchat handle https://t.co/95YpLMcz9w,0.6124,0.0,0.667,0.333,Thu Mar 29 04:03:04 +0000 2018,Paul Manafort bets on presidential pardon in special counsel case https://t.co/T3P7VAuLWC https://t.co/mgXBtamQ2f,0.34,0.0,0.87,0.13,Thu Mar 29 04:16:02 +0000 2018,"13,000-year-old footprints were found off the coast of a Canadian island, giving researchers insight into life duri‚Ä¶ https://t.co/kVVm25t5OX",-0.6597,0.268,0.732,0.0,Thu Mar 29 05:15:00 +0000 2018,Former NFL star Jim Kelly recovering after 12 hours of cancer surgery https://t.co/MRlkVxAOrt,-0.8625,0.407,0.593,0.0,Thu Mar 29 03:47:00 +0000 2018,New police finding in Skripal poisoning case narrows the possibilities for how the victims were sickened https://t.co/8jQNusfhdi
9,0.8786,0.0,0.409,0.591,Wed Mar 28 23:32:23 +0000 2018,Inxeba wins South Africa film award despite ban attempt https://t.co/052nWUIMQj,0.0,0.0,1.0,0.0,Thu Mar 29 03:48:05 +0000 2018,2 airline pilots report seeing UFO while flying over Arizona https://t.co/vwYBvFnnrp https://t.co/M0SYyMVxay,0.0258,0.0,0.948,0.052,Thu Mar 29 04:08:07 +0000 2018,"The White House calls police shootings of black men a ""local matter"" that ""should be left up to the local authoriti‚Ä¶ https://t.co/sY2mCtlOfy",-0.3182,0.142,0.769,0.089,Thu Mar 29 05:10:00 +0000 2018,".@KatiePavlich: ‚ÄúWhen you commit a crime as a U.S. citizen, you don‚Äôt get to decide when you get to evade law enfor‚Ä¶ https://t.co/UaKfLDk5GW",-0.6705,0.285,0.633,0.081,Thu Mar 29 03:32:03 +0000 2018,A top Morgan Stanley broker was repeatedly accused of violence against ex-wives and girlfriends. Bank managers were‚Ä¶ https://t.co/n5WfJMF3sA
10,0.0,0.0,1.0,0.0,Wed Mar 28 22:56:04 +0000 2018,Miguna Miguna : Kenya opposition figure deported again https://t.co/A55w4tOrBP,0.0,0.0,1.0,0.0,Thu Mar 29 03:40:07 +0000 2018,"Mega Millions jackpot hits $502 million, 10th largest ever in U.S. https://t.co/JpxZxdBhgS https://t.co/50Hs6EiYHo",0.0,0.0,1.0,0.0,Thu Mar 29 04:01:07 +0000 2018,Donations to the NRA tripled in the weeks after the Parkland shooting https://t.co/2E6tfAx4bc,-0.5106,0.292,0.708,0.0,Thu Mar 29 05:05:00 +0000 2018,"Jared Fogle seeks release from prison, report says https://t.co/a14o9xLOBI",0.6597,0.0,0.735,0.265,Thu Mar 29 03:17:06 +0000 2018,Drones and computer vision have confirmed centuries-old Inuit wisdom that a few caribou lead a migration over treac‚Ä¶ https://t.co/DrVR3VdZiY
11,0.0,0.0,1.0,0.0,Wed Mar 28 22:33:26 +0000 2018,Malala returns to Pakistan after six years https://t.co/OqkO30wMcZ,-0.2263,0.174,0.826,0.0,Thu Mar 29 03:32:05 +0000 2018,Stephon Clark shooting: Protests held on both coasts https://t.co/0heielsbGt https://t.co/O39OOJBHBt,0.1531,0.0,0.918,0.082,Thu Mar 29 03:46:06 +0000 2018,A Democratic candidate challenging Rep. Devin Nunes in California took in more than $1 million in the first quarter‚Ä¶ https://t.co/1msxOoKDCR,-0.3182,0.113,0.887,0.0,Thu Mar 29 05:00:01 +0000 2018,".@TomiLahren: ‚ÄúThere are a lot of areas here that, of course, believe in shielding illegal immigrants, but there ar‚Ä¶ https://t.co/HEqz2dzxNW",0.0,0.0,1.0,0.0,Thu Mar 29 03:02:01 +0000 2018,Walmart customers looking to toss the latest issue of Cosmopolitan magazine into their shopping carts will have to‚Ä¶ https://t.co/oLMjDPeoTR
12,0.0,0.0,1.0,0.0,Wed Mar 28 22:11:17 +0000 2018,Trump picks his doctor to replace Shulkin as veterans secretary https://t.co/wXZkhipmT2,-0.1531,0.165,0.7,0.135,Thu Mar 29 03:18:03 +0000 2018,Boy with sick father turns to President Trump for help and gets touching response https://t.co/w4YeohKfri https://t.co/uxcoiMQyrz,0.4588,0.0,0.85,0.15,Thu Mar 29 03:31:04 +0000 2018,Most world leaders visiting other countries make a grand entrance by stepping off a large jet. North Korean leader‚Ä¶ https://t.co/UKBraqVF6m,0.0,0.0,1.0,0.0,Thu Mar 29 04:55:00 +0000 2018,.@NRA's political fund sees donations spike in February after Florida shooting https://t.co/4kgltlHohK,0.0,0.0,1.0,0.0,Thu Mar 29 02:47:01 +0000 2018,The Second Avenue subway in NYC cost $2.5 billion per mile of track ‚Äî 5 times more than the international average.‚Ä¶ https://t.co/0u9sMZy5Bd
13,-0.6249,0.451,0.549,0.0,Wed Mar 28 21:33:05 +0000 2018,Man has 'world's worst' super-gonorrhoea https://t.co/MV4ur4kzZV,-0.296,0.339,0.331,0.331,Thu Mar 29 03:03:03 +0000 2018,Cop killer who laughed at trial smiles as jury recommends death https://t.co/hwYkrT6sSn https://t.co/cwlG757A9m,0.0,0.0,1.0,0.0,Thu Mar 29 03:24:05 +0000 2018,Former Sen. Rick Santorum says he misspoke earlier this week when suggesting that students should learn CPR instead‚Ä¶ https://t.co/fU7HlJrZq8,0.2235,0.0,0.918,0.082,Thu Mar 29 04:50:00 +0000 2018,.@statedeptspox: ‚ÄúThat Iran nuclear deal did not make the world safer‚Ä¶ it did not stop Iran from all of these horri‚Ä¶ https://t.co/FRGpqUnQXY,0.0,0.0,1.0,0.0,Thu Mar 29 02:32:03 +0000 2018,"Water squirted from toy rubber ducks contains bacteria often associated with infections acquired in hospitals, a st‚Ä¶ https://t.co/wmNoGpHnmo"
14,-0.6908,0.402,0.598,0.0,Wed Mar 28 20:17:31 +0000 2018,Silent march in Paris after 'anti-Semitic' murder https://t.co/GHTDdMslp5,0.4588,0.0,0.857,0.143,Thu Mar 29 02:20:02 +0000 2018,Air Force pilot captured breathtaking images of the northern lights as he flew across the sky in Canada.‚Ä¶ https://t.co/efrhS8en2X,0.0,0.0,1.0,0.0,Thu Mar 29 03:16:03 +0000 2018,Ireland will hold a referendum on May 25 on whether abortion should be legalized https://t.co/l37NDo42BR,0.0,0.0,1.0,0.0,Thu Mar 29 04:45:00 +0000 2018,U.S. economy grows at 2.9% rate in Q4 https://t.co/j6wlXt484M,-0.8834,0.34,0.66,0.0,Thu Mar 29 02:17:03 +0000 2018,"RT @nytimesworld: In a first, a South African woman was sent to prison for racist speech -- specifically, a slur that is offensive in her c‚Ä¶"
15,-0.3818,0.245,0.755,0.0,Wed Mar 28 19:34:17 +0000 2018,Aziza Oubaita on the fight of her life https://t.co/rQlPJt8UTN,0.0,0.0,1.0,0.0,Thu Mar 29 02:01:00 +0000 2018,"RT @CBSEveningNews: NOW: @CBSEveningNews with @JeffGlor airs in its entirety on CBSN, @CBSNews' 24/7 streaming news service https://t.co/Me‚Ä¶",-0.6597,0.18,0.82,0.0,Thu Mar 29 03:09:05 +0000 2018,"The US military conducted its first airstrike against al Qaeda in Libya on Saturday, killing one of the group's lea‚Ä¶ https://t.co/6MXInlEang",0.6605,0.0,0.778,0.222,Thu Mar 29 04:40:00 +0000 2018,"Dave Harrington, Aliso Viejo mayor: ‚ÄúI kind of wish the attorney general of California took as much interest in the‚Ä¶ https://t.co/fUc6Xtb0OT",0.5563,0.0,0.796,0.204,Thu Mar 29 02:06:06 +0000 2018,"The reboot of ""Roseanne"" got off to an enormously strong start on Tuesday night https://t.co/AW9oKd48KP"
16,-0.5859,0.153,0.847,0.0,Wed Mar 28 19:29:54 +0000 2018,RT @BBCBreaking: UK police probing poisoning of ex-spy and daughter believe first contact with nerve agent came from their front door https‚Ä¶,0.0,0.0,1.0,0.0,Thu Mar 29 02:00:31 +0000 2018,"Parents beware: Rubber duckies may be breeding ground for bacteria seen in ""hospital-acquired infections,"" accordin‚Ä¶ https://t.co/v40GwQwyGi",0.0,0.0,1.0,0.0,Thu Mar 29 03:05:07 +0000 2018,"Apple's quest to find a home for another campus will be different than Amazon's approach, says CEO Tim Cook: ""We're‚Ä¶ https://t.co/Wqndqgc9DX",0.0,0.0,1.0,0.0,Thu Mar 29 04:35:00 +0000 2018,"OPINION: If the Second Amendment falls, our entire Bill of Rights falls https://t.co/vT4cRZnBTn",-0.296,0.216,0.784,0.0,Thu Mar 29 01:55:04 +0000 2018,"Ecuador cuts off Julian Assange‚Äôs internet access. Again.
https://t.co/5rRq2DTGdx"
17,0.3802,0.0,0.915,0.085,Wed Mar 28 19:24:18 +0000 2018,"RT @amolrajanBBC: Hey guys. Repeat after me, please! Data is not the new oil. Data is not the new oil. Data is not the new oil. Data is not‚Ä¶",-0.4588,0.231,0.769,0.0,Thu Mar 29 01:40:01 +0000 2018,"Pennsylvania student stockpiled arsenal, threatened school shooting, police say. https://t.co/YIiuTqyEvn https://t.co/k929FpQNvZ",-0.296,0.175,0.723,0.102,Thu Mar 29 03:01:09 +0000 2018,"Is the tech wreck for Amazon and Facebook over, or just beginning? https://t.co/2pFsIbxNwN https://t.co/bhuy3WxmNA",0.6841,0.0,0.786,0.214,Thu Mar 29 04:30:00 +0000 2018,BEAUTIFUL: The non-profit organization Pile of Puppies brought a litter of miniature bull terrier pups to the bedsi‚Ä¶ https://t.co/U1UNNejfSo,0.5267,0.0,0.825,0.175,Thu Mar 29 01:44:02 +0000 2018,"The Justice Dept.'s watchdog will investigate the surveillance of a former Trump campaign official, responding to p‚Ä¶ https://t.co/UQfGlfh03r"
18,0.0,0.0,1.0,0.0,Wed Mar 28 19:09:43 +0000 2018,Spain police recover artefacts looted by IS in Libya https://t.co/YYbxtwBMkh,-0.2263,0.112,0.888,0.0,Thu Mar 29 01:22:35 +0000 2018,"American plane manufacturer Boeing announced that it ""detected a limited intrusion of malware"" that infiltrated ""a‚Ä¶ https://t.co/AWThh8iBvs",0.0,0.0,1.0,0.0,Thu Mar 29 03:01:08 +0000 2018,"Hong Kong's ""Frog King"" showcases experimental art at Cattle Depot, a former slaughterhouse turned artists' village‚Ä¶ https://t.co/XOUWej21jM",0.0,0.0,1.0,0.0,Thu Mar 29 04:25:00 +0000 2018,Carnival Cruise offers Virginia teen a luxurious trip in exchange for his Snapchat handle https://t.co/MP2iL83j83,0.0,0.0,1.0,0.0,Thu Mar 29 01:32:06 +0000 2018,"Days after researchers announced that a tiny mummy once rumored to be an alien was actually a human infant, Chilean‚Ä¶ https://t.co/pn29RpMNdu"
19,0.0,0.0,1.0,0.0,Wed Mar 28 17:34:13 +0000 2018,"RT @BBCScotlandNews: In the 1980s, 'Hercules' the bear was a star. He had roles in adverts, films and even received a telegram from US Pres‚Ä¶",-0.5994,0.163,0.837,0.0,Thu Mar 29 01:00:01 +0000 2018,"In the wake of the shooting death of Stephon Clark by Sacramento police, the city's mayor said Wednesday that ""impl‚Ä¶ https://t.co/mgMxp12XY4",0.0,0.0,1.0,0.0,Thu Mar 29 03:01:08 +0000 2018,"ABC's revival of ""Roseanne"" premiered on Tuesday to a staggering 18.2 million viewers https://t.co/U5wymoCpH5 https://t.co/4miTagWpDZ",0.296,0.0,0.864,0.136,Thu Mar 29 04:20:00 +0000 2018,Graham Allen: ‚ÄúOur rights and our freedoms as Americans are not up for debate.‚Äù https://t.co/gQZjLutao0,0.0,0.0,1.0,0.0,Thu Mar 29 01:16:21 +0000 2018,Evening Briefing: Here's what you need to know at the end of the day https://t.co/9ykDo2yYvp
20,-0.3182,0.18,0.82,0.0,Wed Mar 28 17:34:06 +0000 2018,"Ecuador cuts Julian Assange's internet connection at its embassy in London, preventing him from communicating with‚Ä¶ https://t.co/GmISwgfdpl",0.0,0.0,1.0,0.0,Thu Mar 29 00:47:02 +0000 2018,"""One source framed [Hope Hicks] as someone who keeps the White House from fracturing and that people are underestim‚Ä¶ https://t.co/1RP3Hvx7AR",0.3612,0.0,0.815,0.185,Thu Mar 29 02:46:07 +0000 2018,India is building a city from scratch to attract foreign investors https://t.co/1RPv5hlNNL https://t.co/hTa0IGMfzD,-0.9186,0.545,0.455,0.0,Thu Mar 29 04:15:00 +0000 2018,Six children feared dead after SUV plunged off California cliff; 2 women killed https://t.co/EyNlbeYpVN,-0.6486,0.17,0.83,0.0,Thu Mar 29 01:00:09 +0000 2018,"RT @jdelreal: Two police officers, 10 minutes, 20 bullets. Another young black man dead, this time in his grandmother‚Äôs backyard in Califor‚Ä¶"
21,0.0,0.0,1.0,0.0,Wed Mar 28 17:13:44 +0000 2018,Ireland's abortion referendum to be held on 25 May https://t.co/gkiI7Ygl0n,-0.5423,0.156,0.844,0.0,Thu Mar 29 00:40:01 +0000 2018,Feds launch manhunt for prisoner who escaped JFK airport just before he was going to be deported to Senegal.‚Ä¶ https://t.co/MjpqF1VGzo,0.0,0.0,1.0,0.0,Thu Mar 29 02:31:04 +0000 2018,"Planned Parenthood is facing a backlash after one of its branches tweeted, and then deleted, a post suggesting Disn‚Ä¶ https://t.co/NtkpyCU0AU",0.0,0.0,1.0,0.0,Thu Mar 29 04:10:00 +0000 2018,.@michellemalkin on 2020 census to include citizenship question https://t.co/VkfSanaVEp,0.5775,0.0,0.792,0.208,Thu Mar 29 00:47:03 +0000 2018,RT @nytopinion: .@RickyGervais is not alone in presenting himself as a noble bulwark against a wave of supposed left-wing censorship. And a‚Ä¶
22,0.5719,0.142,0.548,0.311,Wed Mar 28 17:09:09 +0000 2018,"Police officer Arnaud Beltrame ""fell as a hero"" after showing ""exceptional courage"" during Islamist attack https://t.co/72NKU8TEHU",0.4939,0.0,0.814,0.186,Thu Mar 29 00:20:01 +0000 2018,Researcher who inspired Cambridge Analytica's data harvesting says era of privacy is over. https://t.co/Z7ifs0B3SK https://t.co/YAx0C8k7JU,-0.3164,0.098,0.902,0.0,Thu Mar 29 02:22:48 +0000 2018,"RT @AC360: Stuck in the middle with Toobin?! CNN's @JeffreyToobin sits between two lawyers who collectively yell 'thug' 20 times: ""The hand‚Ä¶",-0.8271,0.372,0.628,0.0,Thu Mar 29 04:05:00 +0000 2018,Outrage grows over police killing of Stephon Clark in Sacramento: '20 shots over a cellphone' https://t.co/nFAOz30fIZ,0.5719,0.103,0.651,0.245,Thu Mar 29 00:32:06 +0000 2018,"Dr. Cacioppo once explained, by an insight he had after surviving a near-fatal car crash: that love and social conn‚Ä¶ https://t.co/FHUVIeyJop"
23,-0.5423,0.28,0.72,0.0,Wed Mar 28 17:04:52 +0000 2018,Houston officer kills unarmed man walking with trousers down https://t.co/PSY710USjk,0.5423,0.0,0.851,0.149,Thu Mar 29 00:00:01 +0000 2018,White House has renewed optimism with North Korea after Kim Jong Un met with Chinese President Xi Jinping in Beijin‚Ä¶ https://t.co/2GpNTtfapt,0.2732,0.0,0.84,0.16,Thu Mar 29 02:22:29 +0000 2018,Surprise meetings and potential pitfalls: Trump preps for North Korea https://t.co/bKWwIBH9nO https://t.co/gx1KlxAxJi,0.0,0.0,1.0,0.0,Thu Mar 29 04:01:48 +0000 2018,.@SteveHiltonx: ‚ÄúThese tech companies have just [gotten] too big and too powerful‚Ä¶We actually need to really toughe‚Ä¶ https://t.co/PFgN9Jx1tZ,-0.296,0.155,0.845,0.0,Thu Mar 29 00:17:02 +0000 2018,All the major firings and resignations in the Trump administration ‚Äî so far https://t.co/SBd0eoufFP
24,0.3612,0.0,0.783,0.217,Wed Mar 28 16:27:48 +0000 2018,Trump keen to meet Kim after 'successful' China talks https://t.co/ADYeZ5Y3fI,0.6124,0.0,0.714,0.286,Wed Mar 28 23:45:30 +0000 2018,"""It's a dream come true."" Fabiano Caruana became the first American to reach a World Chess Championship since Bobby‚Ä¶ https://t.co/IToRNpacMl",-0.5667,0.182,0.818,0.0,Thu Mar 29 02:22:01 +0000 2018,"RT @AC360: ""The family of Stephon Clark doesn't trust anything from the Sacramento police department since they were not told the truth at‚Ä¶",0.0772,0.0,0.925,0.075,Thu Mar 29 04:01:00 +0000 2018,".@TomiLahren: ""You‚Äôd be surprised...just how many conservatives and Americans live in California that want the laws‚Ä¶ https://t.co/dCqDnKHrJj",0.3182,0.0,0.887,0.113,Thu Mar 29 00:02:07 +0000 2018,"Under Ben Carson, HUD is attempting to scale back federal efforts to enforce fair housing laws, sidelining official‚Ä¶ https://t.co/DJQGb8AfBo"
25,-0.4404,0.225,0.775,0.0,Wed Mar 28 16:02:21 +0000 2018,"For Parkland students, high profiles bring wave of personal attacks https://t.co/kxGh2ifScx",-0.5423,0.179,0.821,0.0,Wed Mar 28 23:33:56 +0000 2018,@CBSNews ‚ÄúThe abrupt dismissal of Secretary Shulkin is a troubling step in the Trump Administration‚Äôs ultimate goal‚Ä¶ https://t.co/rpIbkkEHFd,-0.5574,0.159,0.841,0.0,Thu Mar 29 02:16:06 +0000 2018,A New York City lawmaker has introduced a bill that would make it illegal for businesses to email or instant messag‚Ä¶ https://t.co/n6SKMpXOe6,-0.7351,0.36,0.64,0.0,Thu Mar 29 03:48:10 +0000 2018,Oklahoma man captures 6-foot rattlesnake before suffering heart attack 20 minutes later https://t.co/Sd20aL177B,-0.6808,0.237,0.763,0.0,Wed Mar 28 23:47:02 +0000 2018,The ‚Äúcatastrophic‚Äù failure of a storage tank this month at an Ohio fertility clinic caused the apparent loss of mor‚Ä¶ https://t.co/52b9GDuT1Z
26,0.0,0.0,1.0,0.0,Wed Mar 28 15:57:53 +0000 2018,Poland signs $4.75bn deal to buy US Patriot missiles https://t.co/908MV984r3,-0.4215,0.211,0.691,0.098,Wed Mar 28 23:20:30 +0000 2018,Atlanta was warned months before a recent cyberattack that its IT systems could easily come under attack if they we‚Ä¶ https://t.co/xR17NCf0Xc,0.7378,0.0,0.753,0.247,Thu Mar 29 02:11:03 +0000 2018,"Gov. Gary Herbert signed a bill earlier this month that makes it OK for parents to let their children ""free range""‚Ä¶ https://t.co/fME2edSgCm",0.4019,0.0,0.803,0.197,Thu Mar 29 03:36:02 +0000 2018,.@DonaldJTrumpJr tweets his support for 'Roseanne' while skewering late night hosts https://t.co/vxAm33yedR,0.6908,0.0,0.737,0.263,Wed Mar 28 23:32:04 +0000 2018,"Thousands gathered in Paris to honor Mireille Knoll, an 85-year-old grandmother and Holocaust survivor who was murd‚Ä¶ https://t.co/l1fwvli1BF"
27,0.0,0.0,1.0,0.0,Wed Mar 28 15:37:10 +0000 2018,Madrid police dogs get 'Mozart effect' music therapy https://t.co/gZCt2nHSHR,-0.7717,0.32,0.606,0.074,Wed Mar 28 23:04:04 +0000 2018,"Federal agents are hunting a prisoner described as a ""violent deportee"" who made a dramatic escape at JFK airport.‚Ä¶ https://t.co/ioZpxtptjR",-0.6705,0.158,0.842,0.0,Thu Mar 29 02:09:41 +0000 2018,"RT @AC360: ""When you consider that 73 civilians have been killed by police bullets since 2015 and 70 of those were African American men, th‚Ä¶",0.0,0.0,1.0,0.0,Thu Mar 29 03:21:49 +0000 2018,.@LindseyGrahamSC: ‚ÄúThe North Korean nuclear program destabilizes the entire world.‚Äù @foxnewsnight https://t.co/FH2bABC7K3,0.0,0.0,1.0,0.0,Wed Mar 28 23:17:01 +0000 2018,"RT @nytgraphics: David Shulkin lasted 408 days in the Trump administration, longer than many. https://t.co/yOiUwbJLp9 https://t.co/xL83LH8d‚Ä¶"
28,0.2235,0.0,0.91,0.09,Wed Mar 28 15:31:26 +0000 2018,"RT @BBCNews: ""I have cerebral palsy. But that won't stop me from becoming a barrister."" 

This is Daniel's story

https://t.co/fTssqqhK7D h‚Ä¶",0.6124,0.0,0.783,0.217,Wed Mar 28 23:01:53 +0000 2018,"Facebook controlled its privacy¬†settings, making it easier for¬†users to control what they share¬†and to delete perso‚Ä¶ https://t.co/JMSjHC1Iqy",0.0,0.0,1.0,0.0,Thu Mar 29 02:08:27 +0000 2018,Joe Biden video chats with a cancer-stricken Idaho teen https://t.co/7owGyBpMXO https://t.co/QzweC0m851,0.122,0.144,0.689,0.167,Thu Mar 29 03:03:54 +0000 2018,"On Wednesday, President @realdonaldtrump announced in a tweet that, despite former Supreme Court Justice John Paul‚Ä¶ https://t.co/D2IHMPer1m",-0.3182,0.108,0.892,0.0,Wed Mar 28 23:02:06 +0000 2018,"The ghost with the most is back. A musical adaptation of ""Beetlejuice"" will be staged in Washington this fall, and‚Ä¶ https://t.co/v1Ra0OOWem"
29,-0.7096,0.457,0.543,0.0,Wed Mar 28 14:46:13 +0000 2018,Alexandre Bissonnette pleads guilty to Quebec mosque attack https://t.co/SHS5UcQmz9,0.8176,0.0,0.691,0.309,Wed Mar 28 23:00:02 +0000 2018,"Mike Pence's hometown set to host its first ever gay pride festival, thanks to the efforts of an Indiana high schoo‚Ä¶ https://t.co/a2taWz271v",0.34,0.0,0.888,0.112,Thu Mar 29 02:01:07 +0000 2018,"Former sheriff Joe Arpaio suggested that he would, if elected to the Senate, revive the debunked ""birther"" claim th‚Ä¶ https://t.co/pAunVld9dA",0.0,0.0,1.0,0.0,Thu Mar 29 02:55:22 +0000 2018,.@RepGoodlatte: 'Material' Redactions Made In Peter Strzok-Lisa Page Texts @IngrahamAngle https://t.co/NhffORqImP,0.0,0.0,1.0,0.0,Wed Mar 28 22:47:03 +0000 2018,Evening Briefing: Here's what you need to know at the end of the day https://t.co/DoqQNdaj9f
30,-0.4767,0.279,0.721,0.0,Wed Mar 28 14:34:06 +0000 2018,Clara Ponsati: Arrested Catalan politician released on bail https://t.co/UI5TiPgPY0,0.0,0.0,1.0,0.0,Wed Mar 28 22:57:30 +0000 2018,"RT @CBSEveningNews: Pilots in two different planes, one a Learjet, the other an American Airlines jet, reported seeing a mysterious object‚Ä¶",-0.8658,0.427,0.573,0.0,Thu Mar 29 01:58:02 +0000 2018,"Is the Parkland shooter's brother, jailed on a $500,000 bond, being punished for his sibling's crime? https://t.co/nQMYNkwBXV",0.0,0.0,1.0,0.0,Thu Mar 29 02:50:31 +0000 2018,.@offspring drummer turned OB/GYN saves prospective juror in own malpractice trial https://t.co/GbSRKSszrt,0.0,0.0,1.0,0.0,Wed Mar 28 22:32:04 +0000 2018,"Archaeologists believe the 13,000-year-old human footprints to be the earliest found so far in North America https://t.co/dF2hoORZH4"
31,-0.5574,0.419,0.581,0.0,Wed Mar 28 14:06:10 +0000 2018,Australia bans cricketers over cheating https://t.co/LdcatmztQg,-0.34,0.103,0.897,0.0,Wed Mar 28 22:57:15 +0000 2018,"""He told a fellow student,¬†don't come to school on May¬†1st because I'm going to shoot¬†up the school."" A foreign exc‚Ä¶ https://t.co/kpWmIWsWd0",0.0,0.0,1.0,0.0,Thu Mar 29 01:56:05 +0000 2018,"Hong Kong's ""Frog King"" showcases experimental art at Cattle Depot, a former slaughterhouse turned artists' village‚Ä¶ https://t.co/f5t7BKXkgG",-0.5267,0.328,0.672,0.0,Thu Mar 29 02:45:12 +0000 2018,US judge denies Saudi Arabia's bid to dismiss 9/11 lawsuits https://t.co/spt36JVX8M,0.0,0.0,1.0,0.0,Wed Mar 28 22:17:04 +0000 2018,"Until last week, Donald Glover was working on an FX animated series about the superhero Deadpool. By this week, the‚Ä¶ https://t.co/IkkNwo5R1V"
32,0.765,0.0,0.431,0.569,Wed Mar 28 13:42:35 +0000 2018,Did lottery win teen choose wisely? https://t.co/PheTk7Qodo,-0.4767,0.134,0.866,0.0,Wed Mar 28 22:50:49 +0000 2018,San Francisco police say it started as a hatchet attack and turned deadly when a group of people were mowed down by‚Ä¶ https://t.co/ILXunut2qf,0.0,0.0,1.0,0.0,Thu Mar 29 01:51:56 +0000 2018,Chinese tech firm Huawei has a new smartphone that use three cameras to snap a single photo https://t.co/4RNhVY64o2 https://t.co/r61gT5ul35,-0.4767,0.181,0.819,0.0,Thu Mar 29 02:43:17 +0000 2018,"School bus driver suspended after leaving first-grader on bus for eight hours, report says https://t.co/oiqJww2qlc",0.0,0.0,1.0,0.0,Wed Mar 28 22:08:01 +0000 2018,RT @HannaIngber: Last week we turned to @nytimes readers to have a conversation about our coverage of the Austin bombings. We heard from re‚Ä¶
33,0.0,0.0,1.0,0.0,Wed Mar 28 13:37:05 +0000 2018,Ireland to get first official nude beach https://t.co/0mBiqRqovl,0.3182,0.0,0.887,0.113,Wed Mar 28 22:46:57 +0000 2018,"The White House remains ""cautiously optimistic"" about @POTUS meeting with Kim Jong Un after the secret Beijing meet‚Ä¶ https://t.co/grkJacTUWZ",-0.34,0.107,0.893,0.0,Thu Mar 29 01:51:03 +0000 2018,A warning light is flashing in the bond market: An obscure measure known as the yield curve is flattening. Here's a‚Ä¶ https://t.co/r7SCdGmPIj,-0.7845,0.289,0.711,0.0,Thu Mar 29 02:40:19 +0000 2018,".@ByronYork on alleged FISA abuse: ""What gives a lot of Republicans problems is a lot of them thought Republican pr‚Ä¶ https://t.co/8k7B5Ibr21",0.4404,0.0,0.854,0.146,Wed Mar 28 22:01:00 +0000 2018,"President Trump called his personal physician, Dr. Ronny L. Jackson, ‚Äúhighly respected‚Äù and thanked David Shulkin f‚Ä¶ https://t.co/vJPtb8hDUx"
34,-0.296,0.196,0.804,0.0,Wed Mar 28 13:37:05 +0000 2018,Adea Shabani: Body of missing actress 'found' in California https://t.co/iZrQ3OcyTQ,0.7003,0.0,0.707,0.293,Wed Mar 28 22:42:03 +0000 2018,Special counsel Robert Mueller revealed a link between the Trump campaign and Russian intelligence. @PaulaReidCBS r‚Ä¶ https://t.co/94mNwXODqP,0.0,0.0,1.0,0.0,Thu Mar 29 01:46:06 +0000 2018,"Australia just released its report on an investigation into mesh implants that left some women with ""rotting pelvis‚Ä¶ https://t.co/vXdnqlQwFa",-0.6369,0.174,0.826,0.0,Thu Mar 29 02:36:56 +0000 2018,".@RepGoodlatte on alleged FISA abuse: ""The IG can't look at it from the same perspective that Congress can or from‚Ä¶ https://t.co/4uMmyelc6D",0.0,0.0,1.0,0.0,Wed Mar 28 21:48:58 +0000 2018,Breaking News: The Veterans Affairs chief is the latest cabinet official to go. President Trump plans to replace Da‚Ä¶ https://t.co/I3kd7Q64VU
35,-0.6808,0.255,0.669,0.076,Wed Mar 28 13:36:10 +0000 2018,"RT @BBCSport: A country at war, no league competition since 2014 and unable to play games at home.

None of that stopped Yemen, who have re‚Ä¶",-0.34,0.112,0.888,0.0,Wed Mar 28 22:38:16 +0000 2018,"@CBSNews¬†""Shulkin came under fire after an inspector general report in February found he used taxpayer money to pur‚Ä¶ https://t.co/8hUf3gqogP",0.0,0.0,1.0,0.0,Thu Mar 29 01:36:49 +0000 2018,"They may have passed a $1.3 trillion deficit-busting spending bill last week, but lawmakers have found at least one‚Ä¶ https://t.co/odb9G4aYS4",0.0,0.0,1.0,0.0,Thu Mar 29 02:35:36 +0000 2018,Grandma's ear bitten off by pit bull while protecting kids at New York playground: reports https://t.co/Fm2IRRUjjY,0.4019,0.0,0.876,0.124,Wed Mar 28 21:40:26 +0000 2018,RT @peterbakernyt: Shulkin‚Äôs ouster climaxed a sharp fall from favor for the only Obama holdover in the Cabinet and a politically moderate‚Ä¶
36,0.4939,0.0,0.738,0.262,Wed Mar 28 13:03:04 +0000 2018,Former Disney star Caroline Sunshine joins Trump's press office https://t.co/RAh3MKl5qB,0.3182,0.0,0.887,0.113,Wed Mar 28 22:34:51 +0000 2018,"Secretary of VA David Shulkin is being replaced by Admiral Ronny Jackson, White House physician for President Obama‚Ä¶ https://t.co/JqLIWuuUkJ",0.296,0.0,0.885,0.115,Thu Mar 29 01:31:07 +0000 2018,"On her 18th birthday, Charlie Lagarde bought a celebratory bottle of sparkling wine and her first-ever lottery tick‚Ä¶ https://t.co/lLhvLHz1DW",-0.5859,0.174,0.826,0.0,Thu Mar 29 02:21:04 +0000 2018,.@TempePolice have mounted AR-15 assault rifles on the back of eight motorcycles to equip officers with something m‚Ä¶ https://t.co/z62UgoozP6,0.0,0.0,1.0,0.0,Wed Mar 28 21:32:03 +0000 2018,What to expect from the housing market this spring https://t.co/FYAWjjlSiL
37,0.0,0.0,1.0,0.0,Wed Mar 28 12:48:50 +0000 2018,Stormy Daniels seeks Trump testimony on her sex claims https://t.co/7LJOHbCNVt,0.0,0.0,1.0,0.0,Wed Mar 28 22:15:01 +0000 2018,The Department of Justice's internal watchdog announced it will review the DOJ and FBI's compliance with the law an‚Ä¶ https://t.co/6IQY8PaRdQ,0.0,0.0,1.0,0.0,Thu Mar 29 01:21:04 +0000 2018,White House physician Ronny Jackson's performance during an extended grilling over President Trump's health and cog‚Ä¶ https://t.co/Vt2BaYrSOC,0.0,0.0,1.0,0.0,Thu Mar 29 02:15:28 +0000 2018,"Joe Alioto-Veronese on sanctuary cities: ""What the feds are saying is that we are interfering by telling our citize‚Ä¶ https://t.co/BZQj1ynui4",0.0,0.0,1.0,0.0,Wed Mar 28 21:16:06 +0000 2018,RT @migold: Where Can You Find Cosmopolitan At Walmart? Hint: It‚Äôs Not at the Checkout Any More! https://t.co/GrTRvvwm6W
38,0.1027,0.079,0.826,0.095,Wed Mar 28 12:36:18 +0000 2018,RT @BBCtrending: What do you do when your 13-year-old is acting a bit snobbish? This mum's answer started a huge debate about entitlement a‚Ä¶,-0.8658,0.447,0.553,0.0,Wed Mar 28 22:00:02 +0000 2018,"One dead, four injured in hit-and-run in San Francisco following a dispute, police say. https://t.co/9rWGVNBwHX https://t.co/2Cnbx7mPNX",-0.6486,0.275,0.725,0.0,Thu Mar 29 01:16:03 +0000 2018,Why the Stevens gun manifesto is beyond irresponsible | By Robert A. Levy via @CNNOpinion https://t.co/FnBVWPEwG1 https://t.co/x3vxslFVQI,0.0,0.0,1.0,0.0,Thu Mar 29 02:08:15 +0000 2018,.@dunkindonuts launches its first-ever running shoe https://t.co/oK0E1oZ4ye,0.0,0.0,1.0,0.0,Wed Mar 28 21:00:09 +0000 2018,"Hungary's far-right prime minister Viktor Orban uses billboards, TV campaigns and even school textbooks to influenc‚Ä¶ https://t.co/SBikh8b4xN"
39,0.0,0.0,1.0,0.0,Wed Mar 28 12:10:13 +0000 2018,Paris ceremony for police officer Arnaud Beltrame https://t.co/Cps7oENssK,-0.4019,0.163,0.837,0.0,Wed Mar 28 21:57:02 +0000 2018,"@CBSNews¬†""A bunch of other cabinet secretaries who have been given warnings. But also, the West Wing shakeups of a‚Ä¶ https://t.co/KWCE2GHA27",0.5267,0.182,0.455,0.364,Thu Mar 29 01:10:59 +0000 2018,A 12-year-old boy who survived cancer finally got his wish: a kiss from Pope Francis https://t.co/hMPCnn54AW https://t.co/MK4xso1SkF,0.0,0.0,1.0,0.0,Thu Mar 29 02:05:42 +0000 2018,.@seanhannity Reveals New Peter Strzok-Lisa Page Texts #Hannity  https://t.co/mP7oHskKPL,0.0,0.0,1.0,0.0,Wed Mar 28 20:45:04 +0000 2018,"Here‚Äôs how @bxchen scrubbed his Twitter and Facebook timelines ‚Äî and what 
he learned https://t.co/7TCMIzIfeo"
40,0.0,0.0,1.0,0.0,Wed Mar 28 12:02:04 +0000 2018,Stephon Clark's brother storms Sacramento council meeting https://t.co/jgPI0VRlxe,0.1154,0.0,0.932,0.068,Wed Mar 28 21:51:30 +0000 2018,"@CBSNews¬†""I don't think people are surprised, but people are taken aback yet again that the president has once agai‚Ä¶ https://t.co/AHGat6N64O",0.3348,0.0,0.913,0.087,Thu Mar 29 01:08:02 +0000 2018,RT @OutFrontCNN: Rudy! Rudy! Rudy! ...can you hear me now? We have an ear-y feeling Rudy Giuliani got his wires crossed with some of the la‚Ä¶,-0.3818,0.167,0.833,0.0,Thu Mar 29 02:02:55 +0000 2018,"'My Questions Are Totally Sincere': @TuckerCarlson, Former Clinton Spox Battle Over Dem Platform https://t.co/PfR6X7aPZd",0.0,0.0,1.0,0.0,Wed Mar 28 20:30:15 +0000 2018,Our tech columnist @kevinroose offers 3 possible ways to fix social media https://t.co/msbncv0nmO
41,0.0,0.0,1.0,0.0,Wed Mar 28 11:41:54 +0000 2018,Abiy Ahmed named as head of Ethiopia's EPRDF ruling coalition https://t.co/so2ojRtP7H,-0.4767,0.14,0.86,0.0,Wed Mar 28 21:46:00 +0000 2018,"@CBSNews MORE: On March 14, @MajorCBS reported that Shulkin's job was ""in jeopardy due to continued fallout from tr‚Ä¶ https://t.co/k82VoTjLOU",-0.1531,0.127,0.873,0.0,Thu Mar 29 01:06:06 +0000 2018,All the President's lawsuits | Analysis by CNN's Z. Byron Wolf https://t.co/FjfLWkUXLJ https://t.co/ETvCrQhzxp,0.4939,0.0,0.775,0.225,Thu Mar 29 01:56:02 +0000 2018,Ex-Disney Channel star Caroline Sunshine joins Trump's White House press team https://t.co/5MY4QUThYj,-0.6705,0.285,0.633,0.081,Wed Mar 28 20:15:05 +0000 2018,A top Morgan Stanley broker was repeatedly accused of violence against ex-wives and girlfriends. Bank managers were‚Ä¶ https://t.co/HNAA5K823C
42,0.4265,0.247,0.287,0.466,Wed Mar 28 10:56:42 +0000 2018,Florida shooting survivor: Befriending killer wouldn't stop murder https://t.co/s26YZaWOpZ,0.0,0.0,1.0,0.0,Wed Mar 28 21:43:31 +0000 2018,"JUST IN: Secretary David Shulkin is out at Department of Veterans Affairs, according to tweet from Pres. Trump; Shu‚Ä¶ https://t.co/WDHc9db1K4",0.3612,0.0,0.848,0.152,Thu Mar 29 01:02:07 +0000 2018,A brief history of how Parkland survivor David Hogg keeps schooling lawmakers on social media‚Ä¶ https://t.co/gNYlPEKegD,0.0,0.0,1.0,0.0,Thu Mar 29 01:42:51 +0000 2018,.@DevinNunes: ‚ÄúThe Left has continued to say that ‚ÄòThis is Watergate‚Äô and ‚Äò#Trump‚Äôs going to be impeached.‚Äô They‚Äôve‚Ä¶ https://t.co/FZMoKq72Qo,-0.296,0.115,0.885,0.0,Wed Mar 28 20:00:06 +0000 2018,"Shifting schedules have long been a complaint in the retail industry, and a Gap study suggests that they're a lose-‚Ä¶ https://t.co/XtKUHxaLyP"
43,0.0,0.0,1.0,0.0,Wed Mar 28 10:41:39 +0000 2018,Ecuador searches for reporters kidnapped in border area https://t.co/cxSPwvkMuu,-0.6808,0.265,0.644,0.091,Wed Mar 28 21:17:24 +0000 2018,"Sacramento mayor: ""Implied racism is an undeniable factor in the way these sorts of tragedies play out...all of us‚Ä¶ https://t.co/rrdqbxNxOk",-0.2263,0.101,0.899,0.0,Thu Mar 29 00:45:17 +0000 2018,"A judge handed a small victory to Tesla shareholders, allowing them to move forward with a lawsuit against CEO Elon‚Ä¶ https://t.co/mlOgFkO6Ra",0.4019,0.0,0.838,0.162,Thu Mar 29 01:36:25 +0000 2018,"On Wednesday, @LindseyGrahamSC tweeted his support for President @realDonaldTrump's decision to replace Secretary o‚Ä¶ https://t.co/3SCiGt1apm",-0.438,0.153,0.847,0.0,Wed Mar 28 19:45:10 +0000 2018,"Your rubber duck spends a lot of time in the bath, but that doesn't mean it's clean https://t.co/5QtZDt3qhw"
44,0.0,0.0,1.0,0.0,Wed Mar 28 10:30:54 +0000 2018,"""He gave his life for strangers.""

President Macron leads national memorial service in Paris for French police offi‚Ä¶ https://t.co/ms8yHkg2Cb",-0.802,0.286,0.714,0.0,Wed Mar 28 21:00:45 +0000 2018,Wednesday marks the 39th anniversary of the nuclear power accident at Three Mile Island -- the worst nuclear accide‚Ä¶ https://t.co/aMZRsm2IC7,-0.2462,0.205,0.673,0.122,Thu Mar 29 00:38:29 +0000 2018,"The ""Roseanne"" reboot is damn good. The star deserves none of the credit. | By Clay Cane via @CNNOpinion‚Ä¶ https://t.co/ahjsn8swjE",-0.4588,0.25,0.75,0.0,Thu Mar 29 01:32:41 +0000 2018,‚ÄòAggressive‚Äô passenger may have to pay plane‚Äôs fuel bill after causing emergency landing https://t.co/iUd655KpRC,0.4588,0.0,0.812,0.188,Wed Mar 28 19:37:05 +0000 2018,"RT @nytopinion: We at @NYTOpinion welcome feedback, including in form of dog GIFs. https://t.co/sY338V4RD7"
45,0.0,0.0,1.0,0.0,Wed Mar 28 10:02:46 +0000 2018,RT @richard_conway: Cricket Australia on future leadership roles: https://t.co/nZV2Ynjpud,0.0516,0.104,0.781,0.115,Wed Mar 28 20:45:01 +0000 2018,"""Inaction is unacceptable."" All 22 female senators urge Senate leadership to begin debating legislation helping peo‚Ä¶ https://t.co/QhBk0Bm108",0.4404,0.0,0.854,0.146,Thu Mar 29 00:36:33 +0000 2018,"RT @OutFrontCNN: ""We're all sinners, nobody understands that better than Evangelicals‚Ä¶we believe we all need forgiveness."" - Evangelical Je‚Ä¶",-0.4215,0.128,0.872,0.0,Thu Mar 29 01:24:18 +0000 2018,"Florida woman fails to put car into park, car rolls into pool with husband and child inside, cops say https://t.co/CjqcQHkfG4",0.0,0.0,1.0,0.0,Wed Mar 28 19:30:10 +0000 2018,"Steven Spielberg ""is the only person who could have made this movie and the last person who should have been allowe‚Ä¶ https://t.co/xGUhUZJPgl"
46,-0.4767,0.14,0.86,0.0,Wed Mar 28 10:02:21 +0000 2018,"RT @richard_conway: Steve Smith and David Warner suspended for 12 months. Bancroft given 9 month suspension.
Cricket Australia reveal key f‚Ä¶",0.6249,0.0,0.758,0.242,Wed Mar 28 20:30:01 +0000 2018,"Since 2006, Facebook has repeatedly promised to safeguard users' data through redesigns and by putting privacy cont‚Ä¶ https://t.co/5UIOrXkIVU",-0.7096,0.371,0.629,0.0,Thu Mar 29 00:36:22 +0000 2018,A dramatic night-vision video captures a US raid to kill ISIS fighters https://t.co/aZcs03C79X https://t.co/Z4AoSdOvVY,0.296,0.0,0.885,0.115,Thu Mar 29 01:11:09 +0000 2018,.@CRTV host and Army veteran @GrahamAllen_1 said Wednesday that the rights and freedoms American citizens have are‚Ä¶ https://t.co/62KkdMYYkA,0.0,0.0,1.0,0.0,Wed Mar 28 19:15:03 +0000 2018,"In @NYTOpinion 

Op-Ed Contributor Jacob Tobia writes, ""For over a decade, the unspoken rule of gay cinema and tele‚Ä¶ https://t.co/CTOVOn7TcJ"
47,-0.9081,0.588,0.412,0.0,Wed Mar 28 09:27:31 +0000 2018,Vicky Momberg: South African estate agent jailed for racist abuse https://t.co/SHjRO0LzZV,-0.2263,0.091,0.909,0.0,Wed Mar 28 20:15:01 +0000 2018,A federal judge is allowing the state of Maryland and the District of Columbia to partially proceed in a lawsuit ac‚Ä¶ https://t.co/Kx5zlbq1SZ,0.4588,0.0,0.88,0.12,Thu Mar 29 00:35:31 +0000 2018,"RT @OutFrontCNN: ""She signed the contract, she received the benefit of the contract. It was signed by the other party."" Michael Cohen's att‚Ä¶",0.0,0.0,1.0,0.0,Thu Mar 29 01:10:32 +0000 2018,"OPINION: If the Second Amendment falls, our entire Bill of Rights falls https://t.co/B8dGrk2ZYu",0.5563,0.0,0.796,0.204,Wed Mar 28 19:00:05 +0000 2018,"The reboot of ""Roseanne"" got off to an enormously strong start on Tuesday night https://t.co/SiWzv2EpPP"
48,-0.6705,0.355,0.645,0.0,Wed Mar 28 09:23:48 +0000 2018,Syria war: Troops mass around last rebel town in Eastern Ghouta https://t.co/JsQwkaX89Z,0.2732,0.0,0.909,0.091,Wed Mar 28 19:55:36 +0000 2018,Kim Jong Un's surprise visit to China was the first time the North Korean leader had left the country since assumin‚Ä¶ https://t.co/KNQtFfSutH,0.3818,0.0,0.874,0.126,Thu Mar 29 00:24:50 +0000 2018,Donations pour in for a high school rifle team after the school board votes against accepting an NRA grant‚Ä¶ https://t.co/MSnEeZdHgs,-0.3612,0.131,0.759,0.11,Thu Mar 29 00:58:43 +0000 2018,".@jmpalmieri on Dem views: ""Congress is broken, it does not react to what the people want. The people want immigrat‚Ä¶ https://t.co/dVWmVHfYrY",0.4404,0.0,0.854,0.146,Wed Mar 28 18:45:09 +0000 2018,"Heineken pulled a series of commercials for light beer that featured the tagline ‚Äúsometimes, lighter is better"" aft‚Ä¶ https://t.co/v5OcxoCrpi"
49,-0.6124,0.455,0.545,0.0,Wed Mar 28 09:23:48 +0000 2018,Russia Kemerovo fire: First funerals take place https://t.co/mToI9WSIBa,0.0,0.0,1.0,0.0,Wed Mar 28 19:50:39 +0000 2018,"A group of 40 Wisconsin students trekked 50 miles from Madison to House Speaker Paul Ryan's hometown of Janesville,‚Ä¶ https://t.co/CSKOzJhf70",-0.0516,0.066,0.934,0.0,Thu Mar 29 00:11:03 +0000 2018,President Trump's campaign touted the administration's move to add a question about citizenship status to the US Ce‚Ä¶ https://t.co/W0f7SGr3md,-0.6124,0.275,0.615,0.111,Thu Mar 29 00:54:24 +0000 2018,Mother of Hostage Killed By ISIS: 'There Was No One Whose Job It Was to Help Us' https://t.co/m6sQVkLIsD,0.6531,0.0,0.737,0.263,Wed Mar 28 18:30:12 +0000 2018,"The Supreme Court has never struck down a voting district as an unconstitutional partisan gerrymander, and allowing‚Ä¶ https://t.co/gcleYowCnq"
50,0.2846,0.153,0.688,0.159,Wed Mar 28 09:18:48 +0000 2018,"Utah trooper hit by skidding car üòÆ 

Warning: you may find this video distressing ‚Äî but thankfully the officer was‚Ä¶ https://t.co/EsaqwkrZxD",-0.2732,0.095,0.905,0.0,Wed Mar 28 19:35:01 +0000 2018,"""I don't think people realize what's about to happen once she leaves."" White House staffers are nervous over the de‚Ä¶ https://t.co/AWTt6aCBow",-0.5994,0.279,0.611,0.109,Thu Mar 29 00:06:05 +0000 2018,Thousands of people marched through Paris to protest the killing of a Holocaust survivor in her home‚Ä¶ https://t.co/zqfYkmsLVD,-0.0572,0.075,0.925,0.0,Thu Mar 29 00:48:29 +0000 2018,.@TuckerCarlson Debates CA Immigration Law: 'Is There Anything You Won't Make an Excuse For?' #Tucker https://t.co/KVqJZjZJiC,-0.7096,0.297,0.643,0.06,Wed Mar 28 18:15:08 +0000 2018,A waiter in Canada has filed a complaint after he was fired for being aggressive and combative. His defense? He‚Äôs F‚Ä¶ https://t.co/FxkAYLi1ub
51,0.0,0.0,1.0,0.0,Wed Mar 28 08:47:44 +0000 2018,Kim Jong-un has visited China for his first known foreign trip since taking office in 2011 üá∞üáµüá®üá≥ https://t.co/T821HpArit,0.0,0.0,1.0,0.0,Wed Mar 28 19:20:25 +0000 2018,"The reboot of ""Roseanne"" nabbed stellar ratings on Tuesday night, with 18.2 million viewers tuning in. The show, wh‚Ä¶ https://t.co/wiT5t9MlP0",0.0258,0.0,0.948,0.052,Thu Mar 29 00:01:07 +0000 2018,"The White House calls police shootings of black men a ""local matter"" that ""should be left up to the local authoriti‚Ä¶ https://t.co/nektBUdjeE",0.0,0.0,1.0,0.0,Thu Mar 29 00:45:17 +0000 2018,".@lizpeek: Census 2020 ‚Äì Liberals, get over it, we must ask about citizenship! https://t.co/SLwgSHWJHB",-0.8074,0.417,0.583,0.0,Wed Mar 28 18:00:13 +0000 2018,A federal judge refused to dismiss a lawsuit accusing President Trump of violating the Constitution by not divorcin‚Ä¶ https://t.co/Ya0ww0X8GQ
52,-0.6808,0.444,0.556,0.0,Wed Mar 28 08:39:24 +0000 2018,Spy poisoning: Russian media accuse West of 'crusade' https://t.co/p7czMSUiMi,-0.4019,0.13,0.87,0.0,Wed Mar 28 19:00:51 +0000 2018,"""Spielburgers"" are the new Steven Spielberg-inspired burgers by fast food chain Carl's Jr. One problem with the pla‚Ä¶ https://t.co/y8EfrkWn9z",0.0,0.0,1.0,0.0,Wed Mar 28 23:56:06 +0000 2018,"George Conway, husband of White House counselor Kellyanne Conway, appears to be trolling President Trump‚Ä¶ https://t.co/NUmgl5Ms4T",0.4404,0.0,0.838,0.162,Thu Mar 29 00:40:41 +0000 2018,".@dbongino on the Second Amendment: ""Liberalism is easy to understand, it's everywhere...To actually understand con‚Ä¶ https://t.co/2kGec95E96",0.296,0.0,0.885,0.115,Wed Mar 28 17:47:40 +0000 2018,"President Trump‚Äôs lawyer discussed pardons for 2 ex-top aides last year, suggesting concern about what they might t‚Ä¶ https://t.co/zGAAMa90pK"
53,-0.6901,0.192,0.808,0.0,Wed Mar 28 07:44:36 +0000 2018,"RT @BBCSteveR: ""In many ways, what we have now is more dangerous than the Cold War."" My take on escalating tension between Russia and the W‚Ä¶",0.3818,0.0,0.885,0.115,Wed Mar 28 18:40:48 +0000 2018,"@CBSNews¬†""I think we should do everything we can to protect the people of this country. I think the president, whet‚Ä¶ https://t.co/3NWHYR63f4",-0.5267,0.206,0.794,0.0,Wed Mar 28 23:51:03 +0000 2018,Authorities and the Sacramento Kings are preparing for protests that are expected Thursday after the funeral for St‚Ä¶ https://t.co/wYLH5W0049,0.0,0.0,1.0,0.0,Thu Mar 29 00:38:00 +0000 2018,Kansas City Royals' Salvador Perez sprains knee ligament carrying luggage https://t.co/75uYNzgZRh,0.296,0.0,0.891,0.109,Wed Mar 28 17:45:09 +0000 2018,"Trump‚Äôs lawyer discussed pardons for 2 ex-top aides last year, suggesting concern about what they might tell the sp‚Ä¶ https://t.co/loVNcik2rm"
54,0.5859,0.0,0.612,0.388,Wed Mar 28 07:01:38 +0000 2018,Win Myint elected new Myanmar president https://t.co/KEV0A6uAmD,0.6124,0.0,0.76,0.24,Wed Mar 28 18:35:40 +0000 2018,"@CBSNews¬†""Certainly we want to make sure that all law enforcement is carrying out the letter of the law. The presid‚Ä¶ https://t.co/qM7j2NeL52",0.128,0.0,0.927,0.073,Wed Mar 28 23:46:07 +0000 2018,"US President Trump granted tariff exemptions to six countries and the European Union, but ""it's not an exemption li‚Ä¶ https://t.co/nE0wY3IAVf",0.0,0.0,1.0,0.0,Thu Mar 29 00:25:05 +0000 2018,"OPINION: If the Second Amendment falls, our entire Bill of Rights falls  https://t.co/CGvSxjwWJe",-0.7003,0.227,0.731,0.042,Wed Mar 28 17:30:05 +0000 2018,"Hundreds of people filled the lobby at Sacramento City Hall on Tuesday to protest the death of Stephon Clark, who w‚Ä¶ https://t.co/aqr3CzDXpR"
55,0.0,0.0,1.0,0.0,Wed Mar 28 06:28:00 +0000 2018,Walmart shelves 'hyper-sexualised' Cosmo https://t.co/xBTmkeReDT,-0.1531,0.131,0.72,0.148,Wed Mar 28 18:31:56 +0000 2018,"""Certainly a terrible incident. It is something that is a local matter, something we feel should be left up to loca‚Ä¶ https://t.co/UeqvSaoBBr",0.5267,0.0,0.825,0.175,Wed Mar 28 23:41:03 +0000 2018,"Emails reveal the Department of Justice would have ""very little involvement"" if President Trump tweeted a pardon‚Ä¶ https://t.co/UYNvBIqLcE",-0.8271,0.372,0.628,0.0,Thu Mar 29 00:19:15 +0000 2018,Outrage grows over police killing of Stephon Clark in Sacramento: '20 shots over a cellphone' https://t.co/hEE53tqepb,0.0,0.0,1.0,0.0,Wed Mar 28 17:20:12 +0000 2018,"RT @PatriciaMazzei: In Orlando today for closing statements in the trial against Noor Salman, the widow of Pulse nightclub shooter Omar Mat‚Ä¶"
56,-0.7184,0.222,0.778,0.0,Wed Mar 28 06:26:05 +0000 2018,"RT @BBCSteveR: On this day of national mourning in Russia, one paper here declares: ""Today Russia is crying for the children of Kemerovo.""‚Ä¶",0.0258,0.0,0.945,0.055,Wed Mar 28 18:26:36 +0000 2018,"@CBSNews¬†""As I said, a statement from the president's attorney at the White House on these matters has said there i‚Ä¶ https://t.co/wBHRkOS4oW",0.4497,0.0,0.871,0.129,Wed Mar 28 23:36:05 +0000 2018,"A new bill in Kansas would not only authorize the arming of school staff, but would hold schools responsible if a s‚Ä¶ https://t.co/0raMQKJkXD",-0.7645,0.279,0.721,0.0,Thu Mar 29 00:12:59 +0000 2018,"Jonathan Turley on alleged FISA abuse: ""People have a really low expectation of their government now and that's a r‚Ä¶ https://t.co/IK1yLPukE3",0.0,0.0,1.0,0.0,Wed Mar 28 17:10:05 +0000 2018,"In Room 306 at the Lorraine Motel, you can see the door onto the balcony. Looking through it you can see the spot w‚Ä¶ https://t.co/6ZGo2cTzNB"
57,0.0,0.0,1.0,0.0,Wed Mar 28 04:44:44 +0000 2018,Utah trooper hit by skidding car https://t.co/sgr0ZHWwX3,-0.296,0.104,0.896,0.0,Wed Mar 28 18:23:00 +0000 2018,@CBSNews¬†Q: Is the White House worried about what Michael Fynn or Paul Manafort might to tell Robert Mueller?‚Ä¶ https://t.co/Iu55LTOHfn,-0.5423,0.2,0.8,0.0,Wed Mar 28 23:31:01 +0000 2018,Some Twitter users are outraged that Netflix appointed Susan Rice to its board https://t.co/ZVA60bqn62 https://t.co/9TjTGHh20c,-0.8074,0.3,0.7,0.0,Thu Mar 29 00:09:20 +0000 2018,"Jonathan Turley on alleged FISA abuse: ""It's a dangerous combination to have a secret court that is based on a stan‚Ä¶ https://t.co/woHLq1mtrn",0.2023,0.0,0.913,0.087,Wed Mar 28 16:55:03 +0000 2018,"Rick Gates, a top Trump campaign aide, had frequent phone calls in September and October 2016 with a person the FBI‚Ä¶ https://t.co/ScUBbx09Xa"
58,0.0,0.0,1.0,0.0,Wed Mar 28 04:26:50 +0000 2018,Kim in Beijing: Why Xi's still the one he needs to see https://t.co/PefHB8UprZ,0.1027,0.085,0.814,0.101,Wed Mar 28 18:20:53 +0000 2018,"""I would refer you back to the statement from Ty Cobb, in which he said, '... that no partners are under discussion‚Ä¶ https://t.co/yn8dY7J8T3",-0.4767,0.162,0.838,0.0,Wed Mar 28 23:26:03 +0000 2018,Ecuador says it has again suspended Julian Assange's outside communications access at its embassy in London‚Ä¶ https://t.co/ANmsVaviGV,-0.9186,0.462,0.538,0.0,Thu Mar 29 00:06:22 +0000 2018,"BREAKING: Six children feared dead after SUV plunged off cliff in California; 2 women killed, investigators say https://t.co/eFCbVVTPr0",0.296,0.0,0.885,0.115,Wed Mar 28 16:40:03 +0000 2018,"Anti-Trump groups are working to unseat breakaway Democrats in Albany who have aligned with Republicans, helping th‚Ä¶ https://t.co/ZSn9dqIAEx"
59,0.128,0.211,0.544,0.245,Wed Mar 28 04:26:50 +0000 2018,Tr√®bes attack: Paris ceremony for hero policeman Arnaud Beltrame https://t.co/6naeoAd4HT,0.0,0.0,1.0,0.0,Wed Mar 28 18:14:30 +0000 2018,White House holds press briefing as news of North Korean leader Kim Jong Un's trip to China spreads.‚Ä¶ https://t.co/r6RLDvhcKB,-0.5994,0.206,0.794,0.0,Wed Mar 28 23:21:05 +0000 2018,"Sudden infant death syndrome may have a genetic basis in some cases, a new study suggests https://t.co/04uPE4IHBs https://t.co/d15ipkOky1",0.296,0.0,0.804,0.196,Wed Mar 28 23:57:54 +0000 2018,#Trump shares photos of border wall construction on Twitter https://t.co/mfphYgzp2Z,-0.4588,0.151,0.772,0.077,Wed Mar 28 16:25:07 +0000 2018,Kim Jong-un's surprise visit to Beijing was a reminder of how much he has set the agenda in the crisis over North K‚Ä¶ https://t.co/mwcCpJKaen
60,0.0,0.0,1.0,0.0,Wed Mar 28 04:18:40 +0000 2018,"Australia's indigenous languages have one source, study says https://t.co/7QoMFrTeBU",-0.2732,0.178,0.688,0.134,Wed Mar 28 18:00:03 +0000 2018,Pope Francis invited a boy with Down syndrome who survived cancer onto his popemobile during a visit to the Vatican‚Ä¶ https://t.co/A5yIQtBhQ7,0.5267,0.182,0.455,0.364,Wed Mar 28 23:14:38 +0000 2018,A 12-year-old boy who survived cancer finally got his wish: a kiss from Pope Francis https://t.co/lZqCCbVV6b https://t.co/Ncy22YwUuu,0.0,0.0,1.0,0.0,Wed Mar 28 23:42:34 +0000 2018,"China reminded Kim Jong Un who's boss during mysterious Beijing meeting, experts say https://t.co/JCbEJzedWH",0.8225,0.0,0.752,0.248,Wed Mar 28 16:15:04 +0000 2018,"RT @nytgraphics: What Democrats need to do to take control of Congress: 

1. Win 28 Senate races (Republicans only need to win 9 to keep th‚Ä¶"
61,0.0,0.177,0.645,0.177,Wed Mar 28 04:18:40 +0000 2018,Tesla and Nvidia shares fall amid driverless car doubts https://t.co/ZvAPiF6wgd,0.0,0.0,1.0,0.0,Wed Mar 28 17:51:24 +0000 2018,"HAPPENING NOW: Students arrive in House Speaker Paul Ryan‚Äôs hometown Janesville, Wisconsin, after marching 50 miles‚Ä¶ https://t.co/zgdPDZNHd7",0.5994,0.0,0.766,0.234,Wed Mar 28 22:58:00 +0000 2018,The Justice Department's internal watchdog announced it has launched a probe into the department and the FBI's hand‚Ä¶ https://t.co/ccQQChOlBu,-0.2023,0.13,0.87,0.0,Wed Mar 28 23:29:54 +0000 2018,.@gen_jackkeane: ‚Äú@POTUS‚Äô administration has confronted Russia more than his predecessors have.‚Äù #TheStory https://t.co/ZR9hTcXef3,0.8126,0.0,0.543,0.457,Wed Mar 28 16:05:07 +0000 2018,"Bright, bold and richly flavored, these aren't your typical fish cakes https://t.co/xZQDqFg0mk https://t.co/eowfvU22Ts"
62,0.5719,0.0,0.73,0.27,Wed Mar 28 04:18:40 +0000 2018,Canada teen wins $1000 a week for life on 18th birthday https://t.co/NeTuIPmXby,-0.5563,0.166,0.834,0.0,Wed Mar 28 17:45:01 +0000 2018,"An 8-year-old boy with a very sick father penned a letter to President Trump just before Christmas, asking for help‚Ä¶ https://t.co/4ZoliegaQL",0.891,0.0,0.654,0.346,Wed Mar 28 22:49:31 +0000 2018,Nobel Peace Prize winner Malala Yousafzai is back in Pakistan for the first time since she was shot in the face and‚Ä¶ https://t.co/O6HJRNK5ml,0.25,0.11,0.734,0.156,Wed Mar 28 23:25:22 +0000 2018,".@LibertyU shows off its new multimillion-dollar gun range. Liberty, which already allows students to have guns in‚Ä¶ https://t.co/FoSrzLgrgp",-0.6369,0.257,0.743,0.0,Wed Mar 28 15:50:05 +0000 2018,"Jared Kushner and Jeff Sessions are clashing over federal prison policy, confusing lawmakers and leaving prisoners‚Ä¶ https://t.co/EEiWlO4VuI"
63,-0.7783,0.527,0.473,0.0,Wed Mar 28 04:18:40 +0000 2018,Alton Sterling: No charges in 2016 fatal police shooting https://t.co/ahSn5LVRLc,0.0,0.0,1.0,0.0,Wed Mar 28 17:20:01 +0000 2018,An immigration detainee about to be deported to Senegal escaped custody at New York's JFK Airport and fled in a tax‚Ä¶ https://t.co/UOISJJnowm,0.0,0.0,1.0,0.0,Wed Mar 28 22:46:23 +0000 2018,Maserati unveiled a 590 horsepower high performance version of its Levante crossover SUV at the New York Auto Show‚Ä¶ https://t.co/y7jpECCr2J,-0.7184,0.353,0.647,0.0,Wed Mar 28 23:22:08 +0000 2018,Al Qaeda leader killed by drone strike in Libya identified by Pentagon https://t.co/LGrWmbwVP3,0.0,0.0,1.0,0.0,Wed Mar 28 15:39:09 +0000 2018,RT @NYTNational: Atlanta‚Äôs city government has been partially paralyzed for days by a cyberattack. Traffic tickets can't be paid online. Wi‚Ä¶
64,0.0,0.0,1.0,0.0,Wed Mar 28 04:05:47 +0000 2018,N Korea's Kim Jong-un visits China's Xi https://t.co/SEc2LT35DA,0.128,0.096,0.786,0.118,Wed Mar 28 17:01:01 +0000 2018,"Police in Florida are looking for a missing dad who owes $500,000 in child support last seen paddleboarding in ocea‚Ä¶ https://t.co/aNL2mJsWS9",0.128,0.0,0.919,0.081,Wed Mar 28 22:36:50 +0000 2018,"Exclusive: In depositions, the Karolyis say they knew nothing of former USA Gymnastics doctor Larry Nassar's abuse‚Ä¶ https://t.co/6gOzBZ6j4g",-0.3612,0.152,0.848,0.0,Wed Mar 28 23:15:41 +0000 2018,".@CharlesHurt: ‚ÄúWithout a doubt, I don‚Äôt think anybody can question [Rear Adm. Ronny Jackson‚Äôs] qualifications, and‚Ä¶ https://t.co/eH1Ns3Shv7",0.3278,0.0,0.827,0.173,Wed Mar 28 15:25:05 +0000 2018,Elements that make a podcast spark don‚Äôt always translate seamlessly to TV. But that's not stopping Hollywood from‚Ä¶ https://t.co/D0wWi2XJQB
65,0.4019,0.0,0.881,0.119,Wed Mar 28 02:14:16 +0000 2018,"RT @BBCNewsAsia: Definitely not something you see every day. üêò

A video of a 'smoking' wild elephant in India is baffling scientists and wi‚Ä¶",0.1779,0.223,0.495,0.283,Wed Mar 28 16:45:55 +0000 2018,"A boy with down syndrome who is a cancer survivor had his wish fulfilled when Pope Francis stopped his popemobile,‚Ä¶ https://t.co/Eqg2DypLum",0.0,0.0,1.0,0.0,Wed Mar 28 22:19:46 +0000 2018,"Sen. Chris Coons: ""It is concerning to me that the President is increasingly seeming to manage his cabinet more lik‚Ä¶ https://t.co/TCZaET9mBG",-0.25,0.143,0.857,0.0,Wed Mar 28 23:06:05 +0000 2018,"Charles Lane on @POTUS replacing Shulkin as VA secretary: ""It's a strange irony that these are the people that our‚Ä¶ https://t.co/oj2CIlxQZG",-0.2023,0.231,0.769,0.0,Wed Mar 28 15:10:04 +0000 2018,The highs and lows of testosterone https://t.co/KL5JNKPwDy
66,-0.4019,0.109,0.891,0.0,Wed Mar 28 01:44:28 +0000 2018,"RT @BBCNewsAsia: Vietnamese singer and activist Mai Khoi has been detained in Hanoi on her return home from a European tour.

She was held‚Ä¶",-0.6705,0.191,0.809,0.0,Wed Mar 28 16:31:29 +0000 2018,"The brother of Stephon Clark, who was killed earlier this month by police in Sacramento, disrupted a forum to discu‚Ä¶ https://t.co/Yr9qowVqJx",-0.7003,0.279,0.721,0.0,Wed Mar 28 22:15:11 +0000 2018,"Rep. Steve King's remark about outspoken Parkland student Emma Gonzalez ""betrays a lack of understanding about the‚Ä¶ https://t.co/GZB7Hy487F",0.0,0.0,1.0,0.0,Wed Mar 28 22:51:12 +0000 2018,".@ByronYork on replacing Shulkin as VA secretary: ""It simply didn't work out and [helping veterans] really was one‚Ä¶ https://t.co/gZfruPSh9N",0.0,0.0,1.0,0.0,Wed Mar 28 15:00:03 +0000 2018,RT @NYTFashion: Saudi Arabia will host its first ever fashion week next month (after a two week delay). Here's what to expect: https://t.co‚Ä¶
67,0.0,0.0,1.0,0.0,Wed Mar 28 01:34:04 +0000 2018,Letter from Africa: Will age be a factor in Zimbabwe's poll? https://t.co/4UunbFffbZ,-0.6705,0.273,0.727,0.0,Wed Mar 28 16:15:01 +0000 2018,5 killed after car plunges off cliff along California's Pacific Coast Highway: https://t.co/QWhFTi3CyA https://t.co/UO7oL3stVM,0.34,0.0,0.87,0.13,Wed Mar 28 22:09:38 +0000 2018,"Susan Rice, a former UN ambassador and national security adviser under President Barack Obama, has joined Netflix's‚Ä¶ https://t.co/oXEfylqYkT",0.0,0.0,1.0,0.0,Wed Mar 28 22:44:16 +0000 2018,"Former Trump administration officials, from Comey to Shulkin https://t.co/qU3TvgVoW4 https://t.co/70SSvYShgs",0.4404,0.0,0.828,0.172,Wed Mar 28 14:45:05 +0000 2018,Will taxpayers have to bail out the Pro Football Hall of Fame in Ohio? https://t.co/2BbZW0Mih5
68,-0.0772,0.178,0.822,0.0,Wed Mar 28 01:34:04 +0000 2018,The world's toughest place to study? https://t.co/JdkkQo8XtQ,-0.1027,0.097,0.903,0.0,Wed Mar 28 16:01:01 +0000 2018,Facebook says it'll pay you to report third-party apps that misuse data: https://t.co/Khudn2TU3e https://t.co/AcyYWz0wyV,-0.296,0.115,0.885,0.0,Wed Mar 28 22:07:26 +0000 2018,"White House press secretary Sarah Sanders refused to answer whether President Donald Trump was aware of a $130,000‚Ä¶ https://t.co/bJ2feNKSpL",0.0,0.0,1.0,0.0,Wed Mar 28 22:34:10 +0000 2018,"On ""Your World"" with @TeamCavuto, Joe Piscopo discussed the #Roseanne reboot and the main character,‚Ä¶ https://t.co/x5TPpZ6kWh",0.0,0.0,1.0,0.0,Wed Mar 28 14:30:12 +0000 2018,Atlanta‚Äôs city government has been hobbled by a cyberattack and is doing some business with ink and paper. Security‚Ä¶ https://t.co/JEbTiuZ7zw
69,0.0,0.0,1.0,0.0,Wed Mar 28 00:41:30 +0000 2018,Can the ad industry persuade us to eat more vegetables? https://t.co/Jtss2hwwHd,0.0,0.0,1.0,0.0,Wed Mar 28 15:45:01 +0000 2018,"Sen. John McCain ""holds nothing back"" in his new memoir that will be released in May, his publisher says:‚Ä¶ https://t.co/sAUDYDKGE8",0.0,0.0,1.0,0.0,Wed Mar 28 22:04:14 +0000 2018,"Sources describe four yet-to-be-released videos recorded the night of the shooting of Alton Sterling as ""very graph‚Ä¶ https://t.co/gpokg872eO",0.0,0.134,0.732,0.134,Wed Mar 28 22:26:08 +0000 2018,"NASDAQ closes lower as @amazon, @tesla shares fall. @DeirdreBolton has the story. #SpecialReport‚Ä¶ https://t.co/HUYxodz5ue",-0.9231,0.451,0.549,0.0,Wed Mar 28 14:15:06 +0000 2018,The officer was killed after he voluntarily exchanged himself for a female hostage during a terrorist attack in Fra‚Ä¶ https://t.co/qyzVCzdROk
70,0.2732,0.0,0.792,0.208,Wed Mar 28 00:33:33 +0000 2018,5 pop songs you didn't know were about God https://t.co/lL4RlGDqWc,0.1531,0.0,0.904,0.096,Wed Mar 28 15:30:02 +0000 2018,"Americans have grown increasingly polarized in their views on global warming, according to a new poll‚Ä¶ https://t.co/TJQJhtVCSQ",0.0,0.0,1.0,0.0,Wed Mar 28 21:53:22 +0000 2018,"President Donald Trump says Veterans Affairs Secretary David Shulkin is out, and that Shulkin will be replaced with‚Ä¶ https://t.co/v03PKc6WVZ",0.0,0.0,1.0,0.0,Wed Mar 28 22:21:43 +0000 2018,"Documents suggest possible coordination between CIA, FBI, Obama WH and Dem officials early in Trump-Russia probe: i‚Ä¶ https://t.co/gwVHgDWYSe",0.0,0.0,1.0,0.0,Wed Mar 28 14:00:12 +0000 2018,How the Chinese and North Korean news media portrayed the meeting between Xi Jinping and Kim Jong-un https://t.co/GfQOFPqIf0
71,0.4404,0.0,0.804,0.196,Wed Mar 28 00:16:30 +0000 2018,Kim Jong-un's Beijing visit is considered a significant step in North Korea's preparation for talks agreed in princ‚Ä¶ https://t.co/eD7Xv8h709,-0.4404,0.172,0.828,0.0,Wed Mar 28 15:15:01 +0000 2018,"Actor Corey Feldman claims he was stabbed in Los Angeles, authorities say; police investigating:‚Ä¶ https://t.co/P8k3mfV67u",0.8286,0.0,0.711,0.289,Wed Mar 28 21:49:47 +0000 2018,"President Trump thanked Shulkin via Twitter for his ""service to our country and to our GREAT VETERANS"" and said Rob‚Ä¶ https://t.co/9FvpdZJr2f",0.4019,0.0,0.803,0.197,Wed Mar 28 22:14:42 +0000 2018,.@DonaldJTrumpJr tweets his support for 'Roseanne' while skewering late night hosts https://t.co/nlwFyAYm46,0.0,0.0,1.0,0.0,Wed Mar 28 13:45:07 +0000 2018,"""I think it is completely reasonable to say that there could have been a different outcome of the referendum had th‚Ä¶ https://t.co/8fhRZ13NjF"
72,0.5859,0.0,0.817,0.183,Wed Mar 28 00:04:15 +0000 2018,"@BBCBreaking North Korea's leader Kim Jong-un has visited Beijing and held ""successful talks"" with Chinese leader X‚Ä¶ https://t.co/bvNkLb8m89",0.4939,0.0,0.849,0.151,Wed Mar 28 14:55:39 +0000 2018,"Stormy Daniels' attorney Michael Avenatti is confident in his motion to depose President Trump, saying it relies on‚Ä¶ https://t.co/kEq5bGOgxE",0.0,0.0,1.0,0.0,Wed Mar 28 21:44:46 +0000 2018,"BREAKING: President Donald Trump says Veterans Affairs Secretary David Shulkin is out, and that he'll be replaced w‚Ä¶ https://t.co/GOXcsz3wzn",0.0,0.0,1.0,0.0,Wed Mar 28 22:10:07 +0000 2018,.@POTUS to replace David Shulkin with Adm. Ronny Jackson as Veterans Affairs secretary in latest White House shuffl‚Ä¶ https://t.co/SsyE24xZwa,0.8625,0.0,0.593,0.407,Wed Mar 28 13:30:07 +0000 2018,"""It's like a beauty pageant. The fish cannot be fat. It must look strong and have personality."" https://t.co/QY2HdEdUQH"
73,0.0,0.0,1.0,0.0,Tue Mar 27 23:50:38 +0000 2018,China confirms Kim Jong-un visit https://t.co/eRxfJKgLZc,0.4767,0.0,0.846,0.154,Wed Mar 28 14:35:01 +0000 2018,"Paul Manafort and Rick Gates worked with Russian intelligence agent during the campaign, according to documents fil‚Ä¶ https://t.co/9yFcr8CVoQ",0.0,0.0,1.0,0.0,Wed Mar 28 21:37:46 +0000 2018,UK detectives say they believe the former Russian double agent Sergei Skripal and his daughter first encountered a‚Ä¶ https://t.co/ICwOpi9mPc,0.4466,0.0,0.853,0.147,Wed Mar 28 22:08:13 +0000 2018,WARRIORS HELPING WARRIORS: @paws4prplhearts is bringing veterans and dogs together to not only get the dogs trained‚Ä¶ https://t.co/ExsSRY1g4t,-0.4404,0.243,0.638,0.119,Wed Mar 28 13:14:07 +0000 2018,The Motion Picture Academy concluded that an allegation of sexual harassment against its president had no merit https://t.co/DhiZeF7tHZ
74,-0.7841,0.463,0.537,0.0,Tue Mar 27 23:50:38 +0000 2018,Fired Vancouver waiter case: Are the French really rude? https://t.co/ETb72MasiY,0.0,0.0,1.0,0.0,Wed Mar 28 14:15:01 +0000 2018,"Two airline pilots traveling over Arizona claim they were passed by a UFO while flying at over 30,000 feet in the a‚Ä¶ https://t.co/fkJioSzsY4",-0.6249,0.212,0.788,0.0,Wed Mar 28 21:26:53 +0000 2018,"Former Vice President Joe Biden regrets saying that if he were in high school, he would fight President Trump over‚Ä¶ https://t.co/l4oVqppV40",0.0,0.0,1.0,0.0,Wed Mar 28 22:00:35 +0000 2018,Who is David Shulkin? 3 things to know about Trump's former secretary of Veterans Affairs https://t.co/a2A06xE4Xf,0.0,0.0,1.0,0.0,Wed Mar 28 13:00:17 +0000 2018,Morning Briefing: Here's what you need to know to start your day https://t.co/yLdObb0e0R https://t.co/NbpPRQafVf
75,0.5095,0.0,0.798,0.202,Tue Mar 27 21:37:00 +0000 2018,RT @BBCDanielS: BBC Exclusive interview with Sergei Skripal‚Äôs niece: ‚ÄúI would really like to know how they are‚Äù https://t.co/UQHT7fZv2y,-0.34,0.098,0.902,0.0,Wed Mar 28 14:00:25 +0000 2018,"This car accidentally ended up in a swimming pool when a mom who thought she put it in park got out, leaving her hu‚Ä¶ https://t.co/HblpcrosDd",0.0,0.0,1.0,0.0,Wed Mar 28 21:23:39 +0000 2018,"RT @CNNnewsroom: ""There's this power of nostalgia in this family...but they were also the quintessential working class, white, exurban fami‚Ä¶",0.0,0.0,1.0,0.0,Wed Mar 28 21:56:32 +0000 2018,.@kimguilfoyle: ‚ÄúI think this is an example of @POTUS‚Ä¶winning.‚Äù #TheFive https://t.co/UkisT39CJh,0.4215,0.094,0.703,0.203,Wed Mar 28 12:44:03 +0000 2018,RT @MattAndersonNYT: The Russian director Kirill Serebrennikov is still under house arrest in Moscow. A festival of his plays and films at‚Ä¶
76,0.0,0.0,1.0,0.0,Tue Mar 27 21:20:33 +0000 2018,"This 'smoking' elephant in India is baffling experts

https://t.co/4oBCX8OR7q https://t.co/5nVKiPNUZF",0.0,0.0,1.0,0.0,Wed Mar 28 13:45:01 +0000 2018,"Stormy Daniels, who claims she had a sexual encounter with President Trump, will make an appearance at a D.C. strip‚Ä¶ https://t.co/X6anFUTgvB",0.0,0.0,1.0,0.0,Wed Mar 28 21:20:38 +0000 2018,"News that Cambridge Analytica, a data firm with ties to President Trump's campaign, reportedly accessed information‚Ä¶ https://t.co/HLBbE15VgU",0.0,0.0,1.0,0.0,Wed Mar 28 21:48:40 +0000 2018,.@greggutfeld: 'Roseanne' Reboot Replaced 'Demonization with Dialogue' https://t.co/IZiHF0NsFI,-0.5423,0.163,0.837,0.0,Wed Mar 28 12:30:03 +0000 2018,The Academy of Motion Picture Arts and Sciences concluded that an allegation of sexual harassment against its presi‚Ä¶ https://t.co/9h1ugEvuBz
77,-0.2516,0.229,0.603,0.168,Tue Mar 27 20:14:24 +0000 2018,Spy poisoning: 'I would really like to know how they are' https://t.co/6hK6i3Co1S,0.0,0.0,1.0,0.0,Wed Mar 28 13:30:30 +0000 2018,A former Disney Channel star now has a job in the White House. https://t.co/Xfmq1Hvj0d,0.3612,0.0,0.884,0.116,Wed Mar 28 21:11:01 +0000 2018,TESS the planet hunter is getting ready to launch next month. The Transiting Exoplanet Survey Satellite is NASA's n‚Ä¶ https://t.co/IjwXc4IsiY,0.0,0.0,1.0,0.0,Wed Mar 28 21:41:27 +0000 2018,BREAKING: #Trump to replace David Shulkin with Adm. Ronny Jackson as Veterans Affairs secretary‚Ä¶ https://t.co/Zpv9UbPnB1,0.34,0.0,0.882,0.118,Wed Mar 28 12:15:05 +0000 2018,Facebook said it will roll out a centralized system for its users to control their privacy and security settings https://t.co/DxHZ5eNRDa
78,0.0,0.0,1.0,0.0,Tue Mar 27 19:19:12 +0000 2018,Brazilian sports reporters tackle on-air groping https://t.co/MOxFd4yreE,-0.5994,0.17,0.83,0.0,Wed Mar 28 13:15:01 +0000 2018,"Frontman of Eagles of Death Metal calls out survivors of the Florida school massacre, using his experience as a sho‚Ä¶ https://t.co/a3kCTmFOyt",0.4767,0.0,0.837,0.163,Wed Mar 28 21:02:45 +0000 2018,"Sen. Kennedy on what he'd ask Zuckerberg: ""Is it a fair bargain for me to give up all my personal data to Facebook,‚Ä¶ https://t.co/yxDzoJoacU",0.4939,0.0,0.738,0.262,Wed Mar 28 21:27:07 +0000 2018,"Surgeons amazed after removing over 2,000 gallstones from woman https://t.co/YEuOWzC7N5",-0.0397,0.116,0.774,0.109,Wed Mar 28 12:05:06 +0000 2018,"Trevor Noah is not impressed by John Bolton, President Trump's new pick for national security adviser. Our late-nig‚Ä¶ https://t.co/pwzaU3scX5"
79,0.6705,0.13,0.538,0.332,Tue Mar 27 18:14:45 +0000 2018,"RT @BBCNews: Owl ring-bearer attacks best man at wedding... prompting hoots of laughter ü¶â

https://t.co/DjhjEdoYhy https://t.co/2x3bedxedn",0.5994,0.0,0.776,0.224,Wed Mar 28 13:00:02 +0000 2018,"President Trump says there is a ""good chance"" North Korean leader Kim Jong Un will do ""what is right""‚Ä¶ https://t.co/vdVMKZlAVe",0.0,0.0,1.0,0.0,Wed Mar 28 20:48:51 +0000 2018,"If you were running for President, would you have your deputy campaign manager speak to a former Russian intelligen‚Ä¶ https://t.co/DjjDdZY1fC",0.0,0.0,1.0,0.0,Wed Mar 28 21:12:19 +0000 2018,Judge rules suit against #Trump over foreign gifts can move forward https://t.co/kqi3Awd4i7,0.0,0.0,1.0,0.0,Wed Mar 28 11:44:02 +0000 2018,Atlanta's municipal government has been brought to its knees by one of the most sustained and consequential cyberat‚Ä¶ https://t.co/DG6umSDQL5
80,-0.25,0.222,0.778,0.0,Tue Mar 27 18:13:18 +0000 2018,Nearly a million watch cat stuck up pole https://t.co/aw9PbAliF3,0.25,0.0,0.9,0.1,Wed Mar 28 12:45:06 +0000 2018,Jewelry designer Kendra Scott believes she's living the American dream. She is a college dropout who became an entr‚Ä¶ https://t.co/gISgvU7a4Y,0.3182,0.132,0.638,0.23,Wed Mar 28 20:35:03 +0000 2018,"A generation ago, Republicans focused on reforming the nation's safety net by requiring poor mothers to work. Now,‚Ä¶ https://t.co/vaMFi5ajZD",-0.0516,0.117,0.777,0.107,Wed Mar 28 21:03:39 +0000 2018,Combat Vet on Calls for 2nd Amendment Repeal: 'Our Rights and Freedoms Are Not Up for Debate' https://t.co/MwTbOAnoVt,0.0,0.0,1.0,0.0,Wed Mar 28 11:31:08 +0000 2018,"The National Civil Rights Museum in Memphis is a monument to a movement, and to the Rev. Dr. Martin Luther King Jr. https://t.co/b9MJfvYXiF"
81,-0.5106,0.202,0.798,0.0,Tue Mar 27 18:02:09 +0000 2018,"RT @BBCSport: Australia coach Darren Lehmann denied ball-tampering during the Ashes when questioned at Johannesburg airport by @danroan 

W‚Ä¶",0.0772,0.0,0.939,0.061,Wed Mar 28 12:43:56 +0000 2018,"RT @CBSThisMorning: .@Lyft co-founder @johnzimmer says he occasionally drives for Lyft so he can ""learn the challenges of being a driver on‚Ä¶",0.0,0.0,1.0,0.0,Wed Mar 28 20:31:05 +0000 2018,"13,000-year-old footprints were found off the Canadian coast https://t.co/Yq3Ijx9hnL https://t.co/vonY3PKKWB",-0.0516,0.098,0.902,0.0,Wed Mar 28 20:56:39 +0000 2018,Arizona police department mounts AR-15 rifles on backs of some motorcycles https://t.co/a2fWHRGqio,0.0,0.0,1.0,0.0,Wed Mar 28 11:15:09 +0000 2018,"President Trump said that the Second Amendment ‚Äî the right to bear arms ‚Äî ""will never be repealed,"" responding to a‚Ä¶ https://t.co/iYAMbvHi9Z"
82,-0.4588,0.143,0.857,0.0,Tue Mar 27 17:57:01 +0000 2018,"RT @richard_conway: Sanctions announced against the three players within 24 hours by Cricket Australia. 
A nation is incensed, a Prime Mini‚Ä¶",0.0,0.0,1.0,0.0,Wed Mar 28 12:43:25 +0000 2018,COMING UP on @CBSThisMorning: Jewelry designer @KendraScott started her billion-dollar business by taking handmade‚Ä¶ https://t.co/3w5s4OAsVF,0.6808,0.0,0.752,0.248,Wed Mar 28 20:26:19 +0000 2018,"Vice President Mike Pence's hometown of Columbus, Indiana, plans to hold its first LGBT Pride Festival next month‚Ä¶ https://t.co/EML8EDzuby",-0.6124,0.286,0.714,0.0,Wed Mar 28 20:53:33 +0000 2018,"Orange County, CA Supervisor Called a 'Racist B----' Amid Sanctuary Controversy https://t.co/DuYJZxGpQR",0.34,0.0,0.862,0.138,Wed Mar 28 11:00:08 +0000 2018,"John Bolton, President Trump's choice for national security adviser, was portrayed during a 2005 Senate confirmatio‚Ä¶ https://t.co/Eq0eq04Pb9"
83,0.7964,0.0,0.664,0.336,Tue Mar 27 17:51:11 +0000 2018,"I want to apologise to ""kids who love cricket and idolise the players"" - Cricket Australia boss James Sutherland on‚Ä¶ https://t.co/evTGNOU23c",0.0,0.0,1.0,0.0,Wed Mar 28 12:39:09 +0000 2018,"Author Ross Douthat joins @CBSThisMorning to discuss his new book ""To Change the Church"" about the controversy over‚Ä¶ https://t.co/vPhubFlk8A",0.3612,0.0,0.857,0.143,Wed Mar 28 20:18:28 +0000 2018,"RT @TheLeadCNN: President Trump in December, 2017: ‚ÄúI don‚Äôt want to talk about pardons of Michael Flynn yet, we‚Äôll see what happens, let‚Äôs‚Ä¶",0.3182,0.0,0.867,0.133,Wed Mar 28 20:44:41 +0000 2018,.@POTUS secures trade deal with South Korea ahead of potential meeting with North Korea. @TeamCavuto https://t.co/vnBI3EkS6F,0.0,0.0,1.0,0.0,Wed Mar 28 10:45:05 +0000 2018,"Some voters said they had been paid, from about $3 to $9, to vote. In several areas, government officials promised‚Ä¶ https://t.co/3l3sroqZll"
84,0.2023,0.0,0.913,0.087,Tue Mar 27 17:41:16 +0000 2018,"RT @richard_conway: Smith, Bancroft and Warner said to be only players with knowledge of ball tampering intentions... significant words in‚Ä¶",0.0,0.0,1.0,0.0,Wed Mar 28 12:35:59 +0000 2018,Here‚Äôs a look at some of this morning‚Äôs other headlines on @CBSThisMorning https://t.co/b13njtFQkL,-0.6705,0.256,0.744,0.0,Wed Mar 28 20:13:55 +0000 2018,"A lawsuit alleging that gifts from foreign governments to President Trump may be illegal can go forward, a federal‚Ä¶ https://t.co/yA2asY7QE0",0.0,0.0,1.0,0.0,Wed Mar 28 20:35:08 +0000 2018,TUNE IN to the latest #HemmerTime podcast with @BillHemmer and @CardinalDolan on the sanctity of silence.‚Ä¶ https://t.co/UiBHKAFFli,-0.6124,0.263,0.737,0.0,Wed Mar 28 10:30:10 +0000 2018,North Korea is firing up a reactor. Why that could upset Trump's talks with Kim. https://t.co/dIimnicgw7 https://t.co/F6kbTGtJDr
85,-0.34,0.194,0.806,0.0,Tue Mar 27 17:40:24 +0000 2018,Russia fire: Protester spoke on the phone to dying wife https://t.co/YDLIjNDGNg,-0.34,0.118,0.882,0.0,Wed Mar 28 12:30:01 +0000 2018,Wisconsin high school students marching for gun reform are expected to finish a 50-mile journey to House Speaker Pa‚Ä¶ https://t.co/64fdcQiPjg,0.6486,0.0,0.823,0.177,Wed Mar 28 20:06:30 +0000 2018,"People may have snickered at President Trump's call for a US ""space force,"" but ""the laughter masks the fact that t‚Ä¶ https://t.co/5SF9c5JyI1",0.0,0.193,0.614,0.193,Wed Mar 28 20:25:04 +0000 2018,".@WhiteHouse: No pardons under consideration for Manafort, Flynn https://t.co/qJj0aB6rST",0.2732,0.0,0.913,0.087,Wed Mar 28 10:15:04 +0000 2018,"RT @LizziePaton: Is fast fashion going out of, well, fashion? H&amp;M, the world‚Äôs second largest retailer by sales, is currently sitting on a‚Ä¶"
86,0.0,0.0,1.0,0.0,Tue Mar 27 17:34:28 +0000 2018,"RT @bbctms: James Sutherland says only 3 people involved in ball tampering incident. 

Steve Smith, David Warner &amp; Cameron Bancroft. 

""Ser‚Ä¶",-0.4137,0.099,0.901,0.0,Wed Mar 28 12:21:08 +0000 2018,"RT @CBSThisMorning: How did we get here? Could this all have been avoided? 

""Yes... I lay all of this at the feet of Michael Cohen, from t‚Ä¶",0.25,0.155,0.621,0.224,Wed Mar 28 20:05:27 +0000 2018,"RT @CNNMoney: Nasdaq drops nearly 1% on tech slump. Dow inches lower, giving up early gains. Tesla tumbles 8%, Amazon loses 4%. https://t.c‚Ä¶",-0.7096,0.33,0.67,0.0,Wed Mar 28 20:19:22 +0000 2018,"'ACLU effect' is to blame for Chicago's sharp rise in crime, study says https://t.co/MFbLymBU9l",0.0,0.0,1.0,0.0,Wed Mar 28 10:05:05 +0000 2018,Morning¬†Briefing: Here's what you need to know to start your day https://t.co/qSirjFsTQK https://t.co/Rtc5I5NHou
87,0.0,0.0,1.0,0.0,Tue Mar 27 17:33:54 +0000 2018,RT @richard_conway: Full statement from Cricket Australia: https://t.co/GqIh4ynYtE,-0.3612,0.128,0.872,0.0,Wed Mar 28 12:18:47 +0000 2018,The president of ride-sharing company Lyft says the deadly collision involving an Uber self-driving SUV could have‚Ä¶ https://t.co/8rSCnwmloG,0.4404,0.0,0.879,0.121,Wed Mar 28 20:02:52 +0000 2018,A majority of Democratic voters in New York City believe Gov. Andrew Cuomo would be better for the city than his pr‚Ä¶ https://t.co/8T7hHOJQ9t,-0.6486,0.281,0.719,0.0,Wed Mar 28 20:14:45 +0000 2018,"Driver leaves 1 dead, others in life-threatening condition in San Francisco hit-and-run https://t.co/OJtSdht8Ut",0.4215,0.0,0.872,0.128,Wed Mar 28 09:44:06 +0000 2018,"Kim Jong-un told Xi Jinping that he was open to dialogue with the United States, including a potential summit meeti‚Ä¶ https://t.co/7mnXpfQdMX"
88,0.0,0.0,1.0,0.0,Tue Mar 27 17:32:03 +0000 2018,"Australia ball-tampering: Steve Smith, David Warner, Cameron Bancroft sent home https://t.co/gBTooWUkS4",0.5267,0.0,0.784,0.216,Wed Mar 28 12:15:01 +0000 2018,"Stormy Daniels lawyer Michael Avenatti says his motion to depose President Trump is ""well supported"" by law‚Ä¶ https://t.co/DkLwSNAOFt",0.0,0.0,1.0,0.0,Wed Mar 28 19:59:54 +0000 2018,"RT @CNNnewsroom: ""President Trump is not the same as the Donald Trump from 12 years ago, and so we can't try to make a comparison between t‚Ä¶",-0.7269,0.337,0.663,0.0,Wed Mar 28 20:14:44 +0000 2018,Donations Pour in for Rifle Team After School District Rejects NRA's 'Dirty Money' https://t.co/mVV8pTl1BA,-0.5574,0.135,0.865,0.0,Wed Mar 28 09:29:02 +0000 2018,"RT @nytimesworld: ‚ÄúI am thinking about the family of the butcher, about the customer who died for nothing, and about the colonel who sacrif‚Ä¶"
89,0.0,0.0,1.0,0.0,Tue Mar 27 17:26:01 +0000 2018,"RT @richard_conway: Cricket Australia to conduct review into conduct and culture of team.
Sanctions to be announced within 24 hours.",-0.34,0.118,0.882,0.0,Wed Mar 28 12:09:43 +0000 2018,Wisconsin high school students marching for gun reform are expected to finish a 50-mile journey this morning. The 4‚Ä¶ https://t.co/4wYCr8dbXR,0.5719,0.0,0.81,0.19,Wed Mar 28 19:56:39 +0000 2018,A federal judge approved $75 million worth of loans to Remington so the company can keep making guns as it works th‚Ä¶ https://t.co/XXNzhHcujS,-0.4215,0.128,0.872,0.0,Wed Mar 28 20:08:00 +0000 2018,"Florida woman fails to put car into park, car rolls into pool with husband and child inside, cops say https://t.co/jXKlozKkTP",0.1045,0.158,0.658,0.184,Wed Mar 28 09:16:05 +0000 2018,The United Nations' most haunting mystery received new life on Tuesday https://t.co/Cp0HnO48qu
90,-0.0516,0.062,0.938,0.0,Tue Mar 27 17:23:13 +0000 2018,"RT @richard_conway: Breaking:
Cricket Australia say Steve Smith, David Warner, Cameron Bancroft to leave South Africa tomorrow.
Head coach‚Ä¶",0.0,0.0,1.0,0.0,Wed Mar 28 12:05:44 +0000 2018,Stormy Daniels' attorney Michael Avenatti filed a motion asking a federal judge for permission to question Presiden‚Ä¶ https://t.co/AXjEJJtnB5,0.4588,0.0,0.85,0.15,Wed Mar 28 19:50:43 +0000 2018,Most world leaders visiting other countries make a grand entrance by stepping off a large jet. North Korean leader‚Ä¶ https://t.co/ChgciHqyBu,-0.7184,0.353,0.647,0.0,Wed Mar 28 20:00:03 +0000 2018,Al Qaeda leader killed by drone strike in Libya identified by Pentagon https://t.co/PNQIv22Spy,-0.296,0.147,0.756,0.097,Wed Mar 28 09:00:22 +0000 2018,"RT @nytimesworld: Egypt‚Äôs presidential election is shaping up to be a low-watt and joyless affair, the antithesis of the youthful passions‚Ä¶"
91,-0.3182,0.277,0.723,0.0,Tue Mar 27 17:19:43 +0000 2018,JWST: Hubble 'successor' faces new delay https://t.co/eXx0Vxqfb6,0.4215,0.0,0.851,0.149,Wed Mar 28 12:05:01 +0000 2018,Facebook says it is overhauling its privacy controls to make them easier to use amid backlash:‚Ä¶ https://t.co/fES0CwGzy4,-0.296,0.196,0.804,0.0,Wed Mar 28 19:37:33 +0000 2018,Why Trump country is worried about Trump's tariffs https://t.co/mJZHMYxLYj https://t.co/JYL14Rea3j,0.0,0.0,1.0,0.0,Wed Mar 28 19:50:00 +0000 2018,https://t.co/Sd20aLiHZ9,-0.5267,0.159,0.841,0.0,Wed Mar 28 08:44:04 +0000 2018,"In an 8th-grade history textbook, students are told that Viktor Orban thinks refugees are a threat to Hungary. ""It‚Ä¶ https://t.co/zGSK0PZDXF"
92,-0.296,0.18,0.82,0.0,Tue Mar 27 17:04:02 +0000 2018,France to lower school starting age from six to three https://t.co/Us998C0PsN,0.0,0.0,1.0,0.0,Wed Mar 28 11:53:06 +0000 2018,Here‚Äôs a look at some of this morning‚Äôs other headlines on @CBSThisMorning https://t.co/RmBbo4VUFD,0.34,0.0,0.87,0.13,Wed Mar 28 19:26:34 +0000 2018,"13,000-year-old footprints were found off the coast of a Canadian island, giving researchers insight into life duri‚Ä¶ https://t.co/bJEFqwFXAk",-0.34,0.211,0.789,0.0,Wed Mar 28 19:41:41 +0000 2018,Largest Christian university opens 'sophisticated' gun range for students https://t.co/vJShCwR0dP,-0.4404,0.132,0.868,0.0,Wed Mar 28 08:30:07 +0000 2018,At least 12 states signaled that they would sue to block the Trump administration from adding a question about citi‚Ä¶ https://t.co/zg2L5EURJP
93,-0.4767,0.279,0.721,0.0,Tue Mar 27 16:43:51 +0000 2018,William Strampel: Michigan supervisor of Larry Nassar arrested https://t.co/1dROZkhAjO,0.296,0.0,0.901,0.099,Wed Mar 28 11:47:51 +0000 2018,AHEAD on @CBSThisMorning: The president of Lyft will be in Studio 57 to share what‚Äôs next for his company‚Äôs driverl‚Ä¶ https://t.co/TvuMjhnh2a,0.296,0.0,0.891,0.109,Wed Mar 28 19:11:16 +0000 2018,"President Trump's lawyer John Dowd floated the idea of presidential pardons for Paul Manafort and Michael Flynn, Th‚Ä¶ https://t.co/KByVdSCtVj",-0.5574,0.231,0.769,0.0,Wed Mar 28 19:27:55 +0000 2018,"DOJ Inspector General investigates alleged FISA abuses by DOJ, FBI - via @brookefoxnews

https://t.co/I6X1UxpkK7",0.0,0.0,1.0,0.0,Wed Mar 28 08:16:01 +0000 2018,The connections between Cambridge Analytica and Peter Thiel's firm Palantir were thrust into the spotlight by Chris‚Ä¶ https://t.co/X9OaPT2uvR
94,-0.5719,0.299,0.701,0.0,Tue Mar 27 16:21:50 +0000 2018,Kemerovo fire: Who are the victims in the Russia leisure centre blaze? https://t.co/tX0BjbjBtL,0.4588,0.0,0.85,0.15,Wed Mar 28 11:45:27 +0000 2018,"WATCH: A U.S. Navy submarine makes a grand entrance in the Arctic Ocean, emerging through thick ice during a traini‚Ä¶ https://t.co/Lr0LG4IEVU",0.0772,0.0,0.933,0.067,Wed Mar 28 19:05:40 +0000 2018,"RT @CNNnewsroom: Perhaps President Trump is secretly thinking, 'I want [Michael Avenatti] as my lawyer'"" - constitutional attorney Page Pat‚Ä¶",0.0,0.0,1.0,0.0,Wed Mar 28 19:18:38 +0000 2018,Driver hits 5 people in San Francisco; 4 in life-threatening condition https://t.co/r8LQDk8aYm,0.4767,0.09,0.687,0.223,Wed Mar 28 08:02:04 +0000 2018,"RT @nytpolitics: Kirstjen Nielsen, the homeland security secretary, recently warned dozens of foreign diplomats that the United States woul‚Ä¶"
95,0.5423,0.0,0.759,0.241,Tue Mar 27 16:18:52 +0000 2018,"RT @BBC_HaveYourSay: Chicago superior? The phenomenon of the media-savvy slam-dunk nun
https://t.co/p6WqsUEDY7",-0.6249,0.26,0.661,0.079,Wed Mar 28 11:44:56 +0000 2018,"Couple sues University Hospitals after losing their ""only chances"" in fertility clinic failure in which 4,000 eggs‚Ä¶ https://t.co/sJSmgLY87s",0.0,0.0,1.0,0.0,Wed Mar 28 19:01:48 +0000 2018,Ireland will hold a referendum on May 25 on whether abortion should be legalized https://t.co/mrdrnzvUu8,-0.7269,0.337,0.663,0.0,Wed Mar 28 19:13:59 +0000 2018,Donations Pour in for Rifle Team After School District Rejects NRA's 'Dirty Money' https://t.co/rf9gi0WpSh,0.0,0.0,1.0,0.0,Wed Mar 28 07:47:02 +0000 2018,These almond cookies need just 4 ingredients https://t.co/5NNOTBW0n5
96,-0.6808,0.444,0.556,0.0,Tue Mar 27 16:12:28 +0000 2018,Kemerovo fire damage seen from inside gutted mall https://t.co/O75q4RgqPx,-0.7964,0.367,0.633,0.0,Wed Mar 28 11:43:41 +0000 2018,"An abandoned Chinese space station is hurtling out-of-control toward earth, and could crash this weekend. Scientist‚Ä¶ https://t.co/Lnll3mh7ch",0.128,0.0,0.894,0.106,Wed Mar 28 18:57:56 +0000 2018,"RT @CNNPolitics: Sarah Sanders says specific instances of the police using deadly force are a ""local matter"" but that they want to make sur‚Ä¶",0.0,0.0,1.0,0.0,Wed Mar 28 19:08:48 +0000 2018,"Menendez kicks off re-election bid, slams Trump on immigration https://t.co/rfEeEigw7V",0.4588,0.0,0.8,0.2,Wed Mar 28 07:32:04 +0000 2018,‚ÄúSpain is creating a situation where Europe‚Äôs judges rather than its politicians are being asked to solve Catalonia‚Ä¶ https://t.co/k0HaUIVIYU
97,0.0,0.0,1.0,0.0,Tue Mar 27 16:07:05 +0000 2018,"Twenty million Indians apply for 100,000 railway jobs https://t.co/DzmNwTG5wQ",0.0,0.0,1.0,0.0,Wed Mar 28 11:39:34 +0000 2018,"A Chinese space station the size of a bus is expected to fall to earth this weekend. Ahead on @CBSThisMorning, how‚Ä¶ https://t.co/0o8AuHRZCR",-0.1779,0.124,0.737,0.138,Wed Mar 28 18:54:59 +0000 2018,White House press secretary Sarah Sanders: ‚ÄúWe've put out a number of solutions to fix the DACA problem. Democrats‚Ä¶ https://t.co/O7nnEV5sJO,-0.6249,0.17,0.83,0.0,Wed Mar 28 19:04:23 +0000 2018,"Scott Gottlieb on opioid crisis: ""If you go back 15 years ago, we didn't recognize how addictive these products cou‚Ä¶ https://t.co/VUoz7OWouJ",0.0,0.0,1.0,0.0,Wed Mar 28 07:17:03 +0000 2018,RT @nytimesworld: A German gynecologist who provided patients information about abortion has stoked a debate over the Nazi-era law that ban‚Ä¶
98,0.0,0.0,1.0,0.0,Tue Mar 27 15:52:10 +0000 2018,When is a diplomat really just a spy? https://t.co/b8C7t86gI5,-0.7506,0.28,0.72,0.0,Wed Mar 28 11:35:47 +0000 2018,Human error may be to blame for the loss of thousands of embryos and eggs at a fertility clinic outside of Clevelan‚Ä¶ https://t.co/ZK9Du3BR08,0.0,0.0,1.0,0.0,Wed Mar 28 18:53:35 +0000 2018,RT @CNNPolitics: White House press secretary Sarah Sanders deflects a question about a New York Times report that Trump‚Äôs lawyer John Dowd‚Ä¶,0.0,0.0,1.0,0.0,Wed Mar 28 18:58:55 +0000 2018,.@marcthiessen: @realDonaldTrump Must Look Kim 'In the Eye' and Show He's Different From His Predecessors https://t.co/4AGOzpqn6A,-0.4019,0.144,0.856,0.0,Wed Mar 28 06:49:17 +0000 2018,"H&amp;M is a ""fast fashion"" giant. But it has a big problem: A $4.3 billion pile of unsold clothes. https://t.co/wCoI4udh7F"
99,0.0,0.0,1.0,0.0,Tue Mar 27 15:43:35 +0000 2018,Why bear cubs are spending longer with their mothers https://t.co/LabQd7LPk3,-0.34,0.112,0.888,0.0,Wed Mar 28 11:33:36 +0000 2018,Michigan State University is moving to fire the ex-boss of former USA Gymnastics doctor Larry Nassar. Dr. William S‚Ä¶ https://t.co/0qsNGK3fXS,-0.6369,0.189,0.811,0.0,Wed Mar 28 18:49:05 +0000 2018,Asked about the President's reaction after Louisiana's decision not to charge the officers who fatally shot Alton S‚Ä¶ https://t.co/QQTKf6os8i,0.0,0.0,1.0,0.0,Wed Mar 28 18:57:49 +0000 2018,"Adm. Robert Natter on denuclearizing NoKo: ""The reality is that both sides have to sit down and we need to get clea‚Ä¶ https://t.co/3Yy4WJPqly",0.0,0.0,1.0,0.0,Wed Mar 28 06:32:05 +0000 2018,RT @nytopinion: One man searches for the world‚Äôs last remaining quiet places. https://t.co/8YXjpMLIlw
